English,Danish,Dutch,Finnish,French,German,Indonesian,Italian,Japanese,Latin,Norwegian,Portuguese,Spanish,Swahili,Swedish
a,på,binnen,joku,quelqu'un,ein,-,un,ato,in,en,em,una,ndani ya,en
abdomen,bug,onderlijf,vatsa,ventre,unterleib,-,basso ventre,shitabara,venter,mave,ventre,abdomen,-,underliv
aberration,fejl,aberratie,virhe,erreur,verirrung {f},kesalahan,-,shuusa,error,villfarelse,erro,equivocación,kosa,-
able,dygtig,capabel,pätevä,valide,kompetent,sanggup,adatto,yuui,-,dyktig,capaz,apto,enye akili,skicklig
about,om,circulerend,noin,concernant,ungefähr,lebih kurang,intorno,sokosoko,circa,om,cerca,proximamente,-,vid
above,opad,benoorden,yläpuolella,dessus,oberhalb,-,al di sopra,ue,super,ovenpå,sobre,arriba,juu,ovanför
abroad,udenfor,in het buitenland,ulkomailla,dehors,im ausland,luar negeri,all'estero,zaigai,-,utenfor,no exterior,en el extranjero,ugenini,utlandet
abrupt,stejl,kortaf,äkillinen,imprévu,plötzlich,-,rapido,niwaka,abscisus,bratt,abrupto,brusco,-,abrupt
absent,fraværende,verstrooid,poissaoleva,absent,abwesend,tidak hadir,mancante,-,absens,fraværende,ausente,ausente,hako,borta
abuse,fornærmelse,gescheld,kiduttaa,défaut,schmähung,-,abuso,goyou,absumptio,misbruke,abuso,abuso,-,ovett
accent,lægge vægt på,accentueren,mahtipontisuus,emphase,betonen,-,accento,gochou,accentus,aksent,acento,reforzar,-,brytning
accept,modtage,accepteren,ottaa vastaan,agréer,entgegennehmen,menerima,accogliere,akuseputo,accipere,godta,aceite,aceptar,pokea,acceptera
acceptance,-,aanvaarding,hyväksyminen,supposition,annahme {f},penerimaan,accoglienza,shouin,acceptatio,godtagelse,aceitação,aceptación,-,accept
accident,ulykke,ongeluk,tapaturma,accident,mißgeschick,kecelakaan,incidente,henji,-,ulykke,acidente,desgracia,tukio baya,slump
accompany,ledsage,vergezellen,saattaa,accompagnez,begleite,antar ... mengantar,accompagnare,douhan,-,ledsage,acompanhe,acompa ar,kwenda na,ledsaga
accomplish,-,behalen,saavuttaa,confectionner,vollbringen,capai,compiere,mattou,pervenire,fullføre,realize,consumar,-,fullborda
accordion,trækharmonika,trekharmonika,harmonikka,accordéon,akkordeon {n},harmonika,fisarmonica,ako-dion,-,trekkspill,acordeão,acordeón,-,dragspel
account,konto,rekening,tili,supputation,berechnung,perhitungan,calcolo,kaikei,-,konto,cliente,calculo,hesabu,räkenskap
acid,sur,zuur,happo,aigre,säure,-,acido,sui,acidus,syre,ácido,agriarse,-,syrlig
across,tværs,over,poikki,en écharpe,durch,lintang,diàmetro,-,-,tvers over,através de,travieso,katikati,över
act,handling,doen,vaikuttaa,agissez,handeln,-,atto,koui,actum,spille,fazer,acto,-,akt
action,handling,actie,teko,action,aktion {f},-,effetto,shigusa,factum,-,ação,pleito,tendo,aktion
actor,skuespiller,speler,näyttelijä,acteur,schauspieler,peran,attore,shu,-,skuespiller,actor,actor,mcheza,skådespelare
ad,annonce,bericht,ilmoitus,annonce,zeitungsanzeige,pemberitahuan,denuncia,ado,-,annonse,anúncio,indicacion,tangazo,-
add,tilføje,bijtellen,lisätä,rajouter,zufügen,tambah,aggiungere,kasan,accensere,legge til,adicione,suplementar,-,bifoga
address,adresse,adresseren,osoite,laïus,anschrift {m},alamat,rivolgere la parola,uwagaki,-,adresse,endereço,dirección,anwani,rikta
advertisement,reklame,bericht,mainos,réclame,ankündigung {f},adpertensi,inserzione,ado,-,annonse,anúncio,indicacion,tangazo,annons
advice,råd,raad,neuvoa,conseil,hinweisgabe,nasehat,consigliere,jogon,-,råd,conselho,consejo,shauri,råd
advise,råde,adviseren,neuvoa,avisent,raten,mensasihatkan,consigliare,kan,monere,-,recomende,adivinar,-,råda
aeroplane,flyvemaskine,vliegmachine,lentokone,avion,flugzeug,pesawat terbang,aeroplano,hikouki,-,fly,avião,avión,-,flygplan
affair,anliggende,zaak,asia,affaire,affäre {f},perkara,affare,kyoku,causa,anliggende,caso,asunto,jambo,-
after,efter,achter,jälkeen,après,nachdem,sesudah,in,sugi,post,etter,depois,después,baada ya,efter
afternoon,eftermiddag,namiddag,iltapäivä,après-midi,nachmittag,petang,pomeriggio,gogo,-,ettermiddag,tarde,-,alasiri,eftermiddag
afterwards,derefter,naderhand,sitten,puis,rückwärts,-,in,atode,postea,bak,mais tarde,posterior,-,efter
again,igen,opnieuw,jälleen,de nouveau,nochmals,pula,da capo,mou,-,igjen,outra vez,otra vez,tena,ånyo
against,imod,met,vastaan,en retour,dagegen,lawan,in confronto,agensuto,contra,-,contra,en contra,juu ya,emot
age,alder,leeftijd,ajanjakso,viellir,alter {n},umur,vecchiezza,toshigoro,ætas,alder,idade,edad,umri,tidsålder
ahead,fremad,daarvoor,-,autrefois,oben,sebelumnya,davanti,maeni,ante,-,antes,adelante,mbele,förut
aid,assistent,assistent,auttaa,aider,helfen,bantuan,aiutare,kyuujo,auxilium,hjelpe,ajudar,ayudar,msaada,hjälp
air,luft,lucht,ilma,souffle,luft,angin,aria,tei,ær,luft,ar,aire,hewa,luft
ale,øl,bier,olut,bière,bier,-,birra,-,cervisia,øl,cerveja inglêsa,ale,pombe,öl
alien,fremmed,ijselijk,vieras,hideux,fremd,asing,-,e-rian,advena,fremmed,estrangeiro,extranjero,a kigeni,-
all,al,de hele ... door,jokainen,toute,alle,tiap,ogni cosa,arankagiri,-,alt,todo,todos,ote,samtliga
almost,næsten,schier,melkein,-,fast,hampir,quasi,mazu,fere,nesten,quase,casi,-,nästan
alone,alene,louter,yksin,seul,entlang,sendiri,solo,tandokude,solus,alene,sozinho,único,tu,allena
already,allerede,al,jo,déjà,schon,sudah,già,sudeni,iam,-,já,ya,-,redan
also,også,evenzeer,myös,aussi,außerdem,-,anche,mata,-,også,também,también,pia,med
amount,beløb,tal,summa,nombre,betrag,jumlah,importo,teido,summa,beløp,uma quantidade,importe,-,belopp
and,og,en,ja,et,sowohl,-,e,soshite,ac,og,e,y,na,och
angel,engel,engel,enkeli,ange,engel,-,angelo,mitsukai,angelus,-,anjo,ángel,malaika,ängel
animal,dyr,dierlijk,eläin,bête,tier,-,animale,ikimono,bestia,dyr,animal,animal,mnyama,animal
answer,svar,antwoorden,vastata,réponse,lösung {f},-,rispondere,ninoku,responsum,svare,responder,contestar,jibu,besked
apple,æble,appel,omena,pomme,apfel {m},-,mela,appuru,-,eple,maçã,manzana,tunda la kizungu,äpple
approximately,omtrent,ongeveer,noin,environ,annäherungsweise,lebih kurang,circa,ooyoso,circa,-,cerca,proximamente,-,omkring
april,april,grasmaand,huhtikuu,avril,april {m},april,aprile,shigatsu,aprilis,april,abril,abril,aprili,april
arm,arm,bewapenen,käsivarsi,armez,arm {m},lengan,regolare,ude,bracchium,arm,braço,brazo,mkono,arm
art,kunst,kunst,taide,artistique,kunstgriff,-,arte,jutsu,ars,kunst,arte,ma a,-,konst
article,ting,handelsartikel,esine,article,artikel {m},benda,oggetto,shiromono,articulus,ting,artigo,objecto,kitu,vara
ash,ask,as,tuhka,frêne,esche,abu,cenere,kaijin,cinis,-,cinza,fresno,-,ask
ask,bede,vragen,pyytää,demandons,fragen,minta,pregano,-,quærere,spørre,rogar,orar,-,fråga
asparagus,asparges,asperge,parsa,asperge,spargel,-,asparago,asuparagasu,asparagus,asparges,espargo,esparrcgos,-,sparris
ass,æsel,ezel,aasi,aliboron,esel,-,àsino,ketsunoana,asinus,esel,burro,asno,punda,åsna
assist,hjælpe,helpen,auttaa,assister,helfen,bantu ... membantu,promuovere,ashisuto,-,hjelpe,ajudar,asistir,-,hjälpa
at present,nu,-,nyt,momentané,gegenwärtig,-,presente,mokka,nunc,nå,ora,ahora,sasa,för tillfället
attack,angreb,aangrijpen,hyökätä,attaquent,anfall {m},-,assalire,raishuu,oppugnare,angrep,ataque,acceso,-,anfall
attempt,bestræbe sig,streven,koettaa,démarche,versuch,coba ... mencoba,esperimentare,kikyuu,-,forsøke,esforço,carnet,-,försök
attend,besøge,verplegen,hoitaa,visiter,bedienen,mengunjungi,evàdere,-,adstare,ledsage,atenda,asistir,-,bevista
autumn,efterår,herfst-,syksy,automnal,herbst,-,autunno,aki,autumnum,høst,outono,otoño,-,höst
average,midte,gemiddeld,keskiarvo,moyenne,durchschnitts...,tengah,mediocrità,chuutou,-,gjennomsnitt,média,mediania,-,medeltal
avoid,undvige,mijden,välttää,évitons,meide,menghindari,evitare,kaihi,abscedere,unngå,evite,rehuir,-,undvika
baby,baby,baby,vauva,bébé,kleinkind,baybi,bebè,osanago,-,spebarn,bebê,bebé,-,baby
back,ryg,rugstuk,selkä,foncierère,retour,-,dosso,ushiro,spina,tilbake,dorso,revés,-,tillbaka
bacon,bacon,spek,ihra,lard,schinkenspeck,-,lardo,be-kon,arvina,bacon,toucinho,lardo,-,fläsk
bad,dårlig,kwalijk,-,mauvais,schlecht,buruk,cattivo,warui,malus,dårlig,mau,podrido,baya,elak
bag,taske,tas,säkki,fouille,sack,karung,sacco,hyou,lura,pose,saco,bolsillo,mfuko,påse
bank,bred,bank,ranta,bord,bank,-,sponda,ginkou,-,bank,margem,orilla,benki,bank
bark,bark,boomschors,haukkua,écorce,rinde,-,abbaio,kawa,cortex,bjeff,casca,ladrido,ganda,bark
basket,kurv,ben,-,panier,korb,keranjang,canestro,kago,cophinus,kurv,cesta,cesto,kikapu,korg
beach,strand,strand,-,plage,strand {m},pantai,lido,mizugiwa,acta,strand,praia,playa,-,plage
beak,næb,bek,nokka,bec,schnabel,-,becco,kuchibashi,beccus,nebb,bico,pico,-,pip
bear,bjørn,naar buiten brengen,kärsiä,endurer,bär,derita ... menderita,orso,-,ursus,bjørn,urso,soportar,dubu,tåla
beard,skæg,baard,parta,barbe,bart,janggut,barba,hige,barba,skjegg,barba,barba,ndevu,skägg
beautiful,smuk,schoon,kaunis,beau,schön,indah,-,shan,pulcher,vakker,belo,bello,zuri,skön
bed,bed,perk,vuode,planche,betten,-,letto,fushido,sponda,seng,cama,-,kitanda,bädd
bee,bi,honingbij,mehiläinen,abeille,wettbewerb,-,ape,hachi,-,bie,abelha,abeja,nyuki,bi
beer,øl,bier,olut,bière,bier,-,birra,biiru,cerevisia,øl,cerveja,cerveza,pombe,öl
before,-,voor,edessä,avant de,bevor,-,prima che,izen,pro,før,antes,antes,kabla ya,förr
behind,bagom,aan het einde,-,arrière,hinten,-,indietro,kouhou,pyga,bak,trás,tras,nyuma,bakom
below,derunder,beneden,alla,dessous,unterhalb,-,sotto,ika,subter,under,abaixo,abajo,chini,under
beneath,under,beneden,alla,sous,unten,-,abbasso,shita,sub,under,abaixo de,debajo,chini ya,under
bicycle,cykel,fiets,polkupyörä,bécane,fahrrad,-,velocipede,jitensha,-,sykkel,bicicleta,bicicleta,baisikeli,cykel
big,stor,groot,iso,mailloche,wichtig,besar,grande,biggu,-,stor,grande,grande,kubwa,stor
bill,næb,snavel,lippu,bec,rechnung,karcis,biglietto di banca,biru,beccus,regning,factura,billete,-,växel
bird,fugl,vogel,lintu,oiseau,vogel,-,uccello,tori,volucris,fugl,pássaro,pájaro,nyuni,fågel
bitter,bitter,bitter,-,amer,bitter,pahit,birra,nigai,amarus,sur,amargo,amargar,chungu,hätsk
black,sort,zwart,musta,noir,schwarz,hitam,nera,kuroi,pullus,svart,preto,-,eusi,svart
blame,skyld,aanrekenen,syyttää,blâme,blamieren,-,biàsimo,seme,culpa,klandre,culpar,culpa,-,klandra
blank,hvid,wit,valkea,formulaire,leere,-,biglietto non vincente,binboukuji,candidus,hvit,espaço em branco,blanco,eupe,formulär
blind,blind person,blind,sokea,aveugle,blenden,-,cieco,buraindo,cæcus,blind,cortina,deslumbrar,kipofu,blända
blood,blod,bloed,veri,sang,blut,-,sangue,chi,sanguis,blod,sangue,sangre,damu,blod
bloom,blomst,bloem,kukka,fleur,blüte,bunga,fiore,-,flos,blomst,flor,flor,ua,-
blue,blå,blauw,sininen,bleu,trübsinnig,biru,turchino,aoi,-,blå,azul,azul,-,blå
boat,båd,boot,soutuvene,canot,boot,-,barca,shuutei,cumba,båt,barco,barca,-,båt
body,legeme,carrosserie,keho,corps,leiche,badan,addome,bodi,corpus,legeme,corpo,cuerpo,mwili,kropp
bold,tyk,gedurfd,paksu,gros,fett,-,grassello,zubutoi,-,tykk,gordo,audaz,nene,käck
bone,ben,schonk,luu,os,knochen,tulang,osso,hone,os,ben,osso,hueso,mfupa,ben
book,bog,boek,kirja,commander,bestellen,buku,libro,bukku,libellus,bok,livro,libro,kitabu,bok
bosom,bryst,boezem,rinta,sein,busen,dada,-,futokoro,-,barm,seio,pecho,kifua,barm
boss,chef,aanvoerder,päällikkö,dabe,chef,majikan,capo,taishou,magister,-,amo,capitán,bwana,chef
bottle,flaske,fles,pullo,flacon,flasche,botol,bottiglia,botoru,-,flaske,frasco,botella,chupa,flaska
bowl,kumme,vont,vati,globuleux,schale,mangkuk,scodella,donburibachi,-,skål,tejela,cascara,-,skål
box,beholder,boksen,rasia,loge,boxen,kotak,palco,kou,capsa,-,caixa,estuche,chombo,låda
boy,tjener,knaap,poika,serviteur,knabe,pelayan,giovinetto,gyaruson,anculus,gutt,menino,criado,mtumishi,pojke
brain,hjerne,hersenen,aivot,cervelle,gehirn,otak,cervello,bure-n,-,hjerne,cérebro,cerebro,-,hjärna
branch,afdeling,tak,oksa,filiale,springen,dahan,filiale,shibu,-,gren,ramo,bifurcar,-,bransch
brave,modig,flink,uljas,brave,tapfer,berani,coraggioso,isamashii,-,modig,bravo,arrojado,hodari,trotsa
bread,brød,mik,leipä,pain,brot,roti,pagnotta,bureddo,pane,brød,pão,pan,mkate,bröd
break,brække,afbreken,särkeä,rompons,aufheben,mempecahkan,vomico,kireme,rumpere,-,partir-se,romper,-,avbrott
breast,bryst,boezem,nisä,sein,brust,dada,torace,munamoto,mamma,bryst,peito,pecho,kifua,bröst
bridge,bro,brug,silta,carpette,brücke,jembatan,ponte,burijji,-,bro,ponte,puente,-,brygga
broad,bred,breed,leveä,large,umfassend,luas,largo,habahiroi,-,bred,largo,ancho,pana,bred
brother,broder,broer,veli,frère,kollege,-,fratello,-,frater,bror,irmão,hermano,kaka,bror
brush,børste,borstelen,harja,brosse,fegen,sikat,pennello,sasshi,-,børste,escova,brocha,-,pensel
bucket,spand,emmer,ämpäri,seau,schaufel,ember,secchio,oke,situla,bøtte,balde,balde,-,hink
building,bygning,constructie,-,édification,erstellung,bangunan,edificio,tatemono,ædificium,bygning,edifício,edificio,-,byggnad
burden,læs,beladen,lasti,accablement,belaste,memuati,addossare,fuka,-,byrde,carga,gravamen,mzigo,last
burn,brænde,aanbranden,palaa,s'allumer,zündung {f},membakar,ustione,kashou,flagrare,brenne,queimadura,pinchar,-,vidbränna
business,handel,aangelegenheid,kauppa,affaire,geschäft,perkara,affare,ko,res,forretning,comércio,negocio,jambo,rörelse
but,men,maar,kuitenkin,pourtant,ohne daß,-,ma,datte,autem,-,mas,sino,bali,men
butcher,slagter,slachten,teurastaa,boucher,fleischer,-,macellaio,nikuya,cædere,slakter,açougueiro,carnicero,-,slaktare
butter,smør,boter,voi,beurre,butter,-,burro,bata-,-,smør,manteiga,manteca,siagi,smör
bye,farvel,adieu,hyvästi,adieu,wiedersehen,-,rivedersi,bai,ave,farvel,adeus,adiós,kwa heri,-
cabbage,kål,kool,kaali,chou,kohl,-,cavolo,kyabetsu,brassica,kål,repolho,col,-,kål
cabin,kahyt,stulp,mökki,hutte,kajüte,-,cabina,kebin,canaba,lugar,camarote,cabana,kibanda,koja
call,råbe,noemen,kutsua,appel,anruf {m},-,fama,ko-ru,vocare,kalle,nomear,llamada,-,visit
candle,lys,kaarsensterkte,kynttilä,bougie,kerze,lilin,candela,kyandoru,-,lys,vela,bujia,-,ljus
capable,dygtig,bekwaam,kykenevä,capable,fähig,sanggup,adatto,yuui,-,dyktig,capaz,capaz,enye akili,duglig
capture,fange,beetnemen,pyydystää,capturez,erfassen,menangkap,rilevamento,nottori,-,fange,captação,capturar,-,uppbringa
carry,bære,dragen,kantaa,remportent,übertragen,angkat ... mengangkat,-,kyari-,vehere,bære,carregue,sostener,-,bära 
case,anliggende,affaire,asia,affaire,koffer,perkara,tasca,ke-su,causa,anliggende,caso,baul,jambo,hylsa
cat,kat,kattekop,kissa,chat,katze,-,gatto,neko,catus,katt,gato,gato,paka,katt
catch,fange,aanfloepen,pyydystää,attrapez,fangen,menangkap,accalappiare,gyokaku,-,fangst,prendedor,capturar,-,ertappa
caution,forsigtighed,waarschuwen,varoittaa,circonspection,behutsamkeit,-,fedeltà,chuui,monere,forsiktighet,cuidado,precaucion,-,försiktighet
chain,kæde,ketting,ketju,enchaîner,kette,-,catena,kusari,catena,kjede,corrente,cadena,-,kedja
chair,stol,stoel,tuoli,siège,stuhl,kursi,presidenza,kouza,-,stol,cadeira,presidencia,kiti,stol
chalk,kridt,krijt,liitu,crétacé,ankreiden,-,cretàceo,hakuboku,creta,kritt,greda,greda,-,krita
chamber,værelse,lokaal,huone,ventricule,zimmer,kamar,camera,-,-,rom,quarto,habitación,chumba,rum
change,veksle,veranderen,muuttaa,changement,wechseln,ubah ... berubah,convertire,hensen,-,forandre,troco,alterar,-,omkastning
character,karakter,aard,merkki,caractère,schriftzeichen,tanda,natura,hinsei,animus,-,carácter,seña,-,karaktär
charge,læs,aanklacht,lasti,chargeons,aufladung {f},muatan,caricato,denka,-,-,carga,gravamen,mzigo,avgift
cheap,billig,goedkoop,-,bon marché,minderwertig,murah,economico,tegaru,vilis,billig,barato,barato,rahisi,billig
cheese,ost,kaas,juusto,fromage,käse,-,formaggio,chi-zu,caseus,ost,queijo,queso,jibini,ost
cherry,kirsebær,kers,kirsikka,cerise,kirsche,-,ciliegia,sakuranbo,cerasus,kirsebær,cereja,cereza,-,körsbär
chest,kiste,borst,rinta,sein,koffer,dada,torace,mune,arca,bryst,caixa,arca,kifua,lår
chicken,høne,kippevlees,kukko,poulet,huhn,anak ayam,pollo,chikin,-,høne,galinha,gallina,kuku,kyckling
chief,chef,aanvoerder,päällikkö,dabe,anführer {m},majikan,capo,oyabun,dux,høvding,chefe,comandante,jumbe,hövding
child,barn,loot,lapsi,enfant,kind,-,fanciullo,youji,infans,barn,menino,niño,mwana,barn
church,kirke,kerk,kirkko,église,kirche,gereja,chiesa,kyoukai,-,kirke,igreja,iglesia,kanisa,kyrka
cigarette,cigaret,saffiaantje,savuke,sèche,zigarette,rokok,sigaretta,shigaretto,-,sigarett,cigarro,papelillo,-,cigarrett
circle,cirkel,kring,ympyrä,cercle,kreis,-,cerchia,maru,orbis,sirkel,círculo,círculo,-,krets
city,by,wereldstad,kaupunki,cité,stadt,-,città,shiti,oppidum,by,vila,ciudad,mji,stad
class,-,stand,kurssi,cours,klasse,kelas,categoria,rui,classis,klasse,classe,curso,-,klass
clay,ler,klei-,savi,glaise,ton,-,argilla,nendo,argilla,leire,argila,arcilla,-,lera
clean,gøre ren,rein,puhdas,nettoyent,sauber,membersihkan,forbire,sapparishita,purus,ren,limpar,enjugar,safi,rensa
clear,tydelig,hel,selvä,net,klar,nyata,forbire,akiraka,-,klar,cancele,franco,-,redig
clerk,kontorist,bediende,-,employée,beamte,-,funzionario,shoki,amanuensis,kontorist,caixeiro,oficinista,karani,kontorist
client,kunde,klant,asiakas,client,kunde,langganan,committente,raihousha,-,klient,freguês,cliente,-,klient
climate,-,klimaat,ilmasto,climat,klima,iklim,clima,kishou,clima,klima,clima,clima,-,klimat
clock,ur,uurwerk,kello,horloge,uhr,-,orologio,kurokku,-,klokke,pulso de disparo,reloh,saa,ur
clothes,klæder,kleding,-,vêture,bekleidet,pakaian,vestimento,emon,-,klær,roupa,ropaje,nguo,kläder
cloud,sky,wolk,pilvi,nue,wolke,awan,nube,kumo,nebula,sky,nuvem,sombrc,-,moln
cold,forkølelse,koud,-,froid,erkältung,-,raffreddore,hiyayaka,frigus,kald,constipação,resfriado,baridi,kyla
collect,samle,collecteren,kerätä,recueillir,zusammenfassen,mengumpulkan,incassare,korekuto,colligere,-,colete,cobrar,-,inkassera
colour,farve,verven,-,-,farbe,warna,tinta,iro,color,farge,cor,coloracion,rangi,kulör
comb,kam,uitkammen,kammata,peigne,kamm,menyisir,pettinare,kushi,-,kjemme,pente,peine,-,kam
common,sædvanlig,algemeen,yhteinen,couramment,allgemein,-,sciolto,tsuuzoku,communis,alminnelig,comum,comun,-,tarvlig
complete,fuld,compleet,täysi,clôturer,vervollständigen,lengkap,completare,irounaku,plenus,-,cheio,concluir,kamili,full
condition,tilstand,conditie,tila,conditionner,bedingung,-,condizione,joutai,condicio,tilstand,circunstância,condicion,-,villkor
conduct,opførsel,de weg wijzen,opastaa,amenent,leiten,pimpin,comportamento,furumai,adducere,oppførsel,conduta,modales,-,dirigera
consent,enighed,het eens zijn,suostua,acquiescez,einwilligen,setuju,consenso,doui,-,-,consentimento,asentir,kubali,samtycka
consider,betragte,beschouwen,katsella,envisagent,berücksichtigen,-,riflettere,kankou,spectare,overveie,considere,considerar,-,betänka
cook,kokkepige,koken,keittää,cuisiner,koch,-,cuòcere,itamae,-,kokk,cozinheiro,cocinero,mpishi,kock
copper,kobber,roodkoperen,kupari,cuivre,kupfer,-,rame,dou,æs,kopper,cobre,cobre,-,koppar
copy,kopi,exemplaar,jäljentää,calquer,abbild {n} (kopiert),salin ... menyalin,copia,fukuhon,apographon,avskrift,cópia,transcripcion,-,kopia
cord,reb,snaar,köysi,corde,schnur,tali,cordicella,ko-rudo,chorda,-,cabo,cordón,uzi,snöre
correct,rigtig,juist,korjata,corrigent,korrekt,betul,corretto,kitsu,-,riktig,correto,recto,sahihi,beriktiga
counsel,råde,adviseren,neuvoa,conseiller,beratung,nasihat,consiglio,bengonin,monere,-,conselhos,aconsejar,shauri,-
country,land,platteland,maa,contrée,gegend,darat,terreno,kuni,-,land,campo,país,nchi,land
course,fad,tracé,kurssi,notation,lauf,-,quotazione,shinro,-,fat,curso,cursillo,sahani,kurs
court,gård,het hof maken,piha,briguez,hof,-,cortile,goten,-,domstol,pátio,patio,ua,rätt
cover,dække,dekken,peittää,recouvrir,schutz,-,copro,uwadzutsumi,-,deksel,tampa,tapa,kifuniko,täcke
crazy,-,krankzinnig,hullu,fou,übergeschnappt,gila,pazzo,toppyoushimonai,amens,sprø,louco,chiflado,-,galen
cross,kors,kruisen,risti,traversent,quer,-,incrociare,kousa,crux,kryss,cruz,atravesar,msalaba,kors
crowd,mængd,hoop,kasa,acculer,menge {f},-,calca,hitodakari,multitudo,mengde,multidão,apretura,-,skara
cruel,grusom,wreed,julma,cruel,grausam,kejam,crudele,hakujou,acerbus,grusom,-,cruel,-,grym
cucumber,agurk,komkommer,-,concombre,gurke,mentimun,cetriolo,kyuuri,cucumis,slangeagurk,pepino,pepino,-,gurka
cup,kop,kopje,kuppi,tasse,pokal/tasse,cangkir,calice,kappu,-,kopp,chávena,taza,kikombe,kopp
custom,sædvane,usance,tapa,moralité,kunden,adat,usanza,korei,mos,bruk,costume,usanza,desturi,sedvänja
cycle,cykel,fietsen,polkupyörä,cycle,ablauf [zeitl.] {m},-,circolazione,saikuru,-,sykkel,ciclo,ciclo,baisikeli,cykla
dance,bal,bal,tanssiaiset,danser,tanz,-,ballare,dansu,saltare,dans,dança,danza,-,dansa
danger,fare,hachelijkheid,vaara,danger,gefahr,bahaya,pericolo,kitai,periculum,fare,perigo,peligro,hatari,fara
dangerous,farlig,gevaarlijk,-,dangereux,gefährlich,berbahaya,pericoloso,abunakkashii,acutus,farlig,perigoso,peligroso,-,farlig
dark,mørk,somber,-,obscurité,dunkel,-,accigliato,kuro,obscurus,mørk,escuro,oscuro,enye giza,dunkel
darkness,mørke,duister,-,ténèbres,finsternis,-,oscurità,ankoku,caligo,mørke,escuridão,tinieblas,giza,mörker
date,datum,dadel,päivämäärä,date,termin,-,data,nendai,caryota,daddel,tâmara,datil,tarehe,datum
daughter,datter,dochter,-,fille,tochter,-,figlia,goreijou,filia,datter,filha,hija,binti,dotter
dawn,daggry,aurora,aamurusko,aurore,morgendämmerung,-,crepùscolo,keimei,eos,daggry,alvorecer,creusculo,-,gryning
day,dag,dag,päivä,journée,tag,-,giorno,dei,dies,dag,dia,dia,siku,dag
dear,kær,geacht,kallis,cher,liebe,mahal,caro,koishii,carus,kostbar,caro,estimado,ghali,kär
december,december,december,joulukuu,décembre,dezember,desember,dicembre,juunigatsu,december,desember,dezembro,diciembre,desemba,december
deep,dyb,laag,syvä,viscérale,tief,-,cupo,fukai,-,dyp,profundamente,profundo,refu,djup
defeat,besejre,nederlaag,voittaa,vainqent,vernichten,-,sconfitta,make,vincere,nederlag,derrota,derrota,-,nederlag
degree,grad,trap,aste,licence,stufe,derajat,grado,kagen,-,grad,grau,licencia,-,grad
desert,udørken,wildernis,autiomaa,désertez,verlassen,-,deserto,areno,arena,desertere,deserto,desierto,-,desertera
design,plan,werkje,piirtää,dessin,planung,-,progetto,gara,-,tegning,projeto,propósito,shauri,planera
die,dø,doodgaan,kuolla,meurs,sterben,-,estinguersi,saikoro,alea,dø,dado,expirar,-,dö
direct,lige,mennen,suora,dirigeons,direkt,pimpin,dirigere,jiki,-,styre,direto,mandar,-,styra
disappear,forsvinde,verdwijnen,-,se perdre,verschwinden,hilang,scomparire,kieuseru,abolescere,forsvinne,desapareça,desaparecer,-,försvinna
disease,sygdom,ziekte,-,maladie,erkrankung,penyakit,malattia,byouki,morbus,sykdom,doença,enfermedad,ugonjwa,-
distance,afstand,afstand,etäisyys,distance,entfernung {f},-,spazio,enkin,-,avstand,distância,alejamiento,mwendo,distans
divide,dele,afzonderen,jakaa,divisez,scheiden,bagi ... membagi,spartire,hanasu,abrumpere,skille,dividir,dividir,-,avdela
doctor,læge,doctor,lääkäri,médecin,arzt {m},tabib,dottore,dokutoru,-,doktor,médico,medico,mganga,doktor
dog,hund,hond,koira,clebs,hund,-,cane,inu,canis,hund,cão,perro,mbwa,hund
donkey,æsel,ezel,aasi,aliboron,esel,-,àsino,usagiuma,asinus,esel,asno,asno,punda,åsna
door,dør,portier,ovi,porte,tür,-,porta,toguchi,ianua,dør,porta,-,mlango,lucka
doubt,tvivl,dubben,epäillä,doutent,zweifel,bimbang,mettere in dubbio,gigi,addubitare,-,dúvida,dudar,-,tvivla
dove,due,duif,kyyhkynen,colombe,taube,-,piccione,hato,columba,due,pombo,pichón,-,duva
dream,drømme,dromen,uni,songer,traum,mimpi,sognare,yume,-,drømme,sonho,soñar,ndoto,dröm
dress,klæde sig,een verband omleggen,puku,habiller,kleid,-,vestito,emon,vestire,antrekk,vestido,revestir,-,kläda
drink,drik,pimpelen,juoda,boisson,trinken,-,bevanda,dorinku,bibi,drikke,beber,bebida,-,dricka
drunk,drukken,dronken,juopunut,bu,getrunken,-,ebbro,hebereke,ebrius,full,bêbedo,bebido,-,full
dry,tør,dor,kuiva,séchent,trocken,kering,asciutto,dorai,-,tørr,seco,seco,kavu,torr
dust,støv,stof,pöly,poussiére,staub,debu,polvere,chiri,-,støv,pó,polvo,-,stoft
duty,pligt,plicht,velvollisuus,obligation,pflicht,kewajiban,dogana,sekinin,-,toll,dever,deb,-,tull
each,al,ieder,jokainen,chacun,jede,tiap,ogni,sorezore,-,hver enkelt,cada um,cada,ote,var
eagle,ørn,adelaar,kotka,aigle,adler {m},-,aquila,i-guru,aquila,ørn,águia,aguila,-,örn
ear,øre,oor,korva,oreille,kopf,telinga,orecchio,mimi,auricilla,øre,orelha,oreja,sikio,ax
earth,jord,aanaarden,maa,mondiale,erde,-,mondo,tsuchi,tellus,verden,terra,tierra,kiwanja,mull
east,øst,oosten,itä,est,osten,-,est,azuma,-,øst,leste,este,mashariki,ost
easy,let,licht,helppo,léger,unschwer,-,semplice,zousanai,facilis,behagelig,fácil,facil,rahisi,ledig
effect,resultat,indruk,teho,effet,ergebnis,akibat,effetto,tegotae,-,virkning,efeito,efecto,-,effekt
egg,æg,ei,muna,oeuf,ei,-,uovo,-,ovum,egg,ovo,huevo,yai,ägg
eight,otte,acht,kahdeksan,huit,acht,delapan,otto,hatsu,octo,åtte,oito,ocho,nane,åtta
eighteen,atten,achttien,kahdeksantoista,dix huit,achtzehn,-,diciotto,juuhachi,duodeviginti,atten,dezóito,dieciocho,kumi na nane,aderton
elephant,elefant,olifant,norsu,éléphant,elefant,gajah,elefante,zou,barrus,elefant,elefante,elefante,ndovu,-
eleven,elleve,elf,yksitoista,onze,elf,-,undici,irebun,undecim,elleve,onze,once,kumi na -moja,elva
employ,tilbringe,aannemen,palkata,braquer,beschäftigung,menggunakan,occupare,you,-,ansette,empregar,colocar,-,anställa
empty,tømme,hol,tyhjä,videz,ausleeren,leher,vuotare,karappo,inanis,tom,vácuo,evacuar,tupu,tömma
end,fuldende,uiterste deel,loppu,se dénouer,schluß,akhir,al punto più estremo,shuuryou,finis,utløpe,extremidade,terminar,mwisho,slut
ending,ende,uitgang,loppu,fin,ende,akhir,ultimazione,musubi,finis,slutt,fim,final,mwisho,ändelse
engine,lokomotiv,locomotief,kone,réacteur,motor,motor,locomotiva,enjin,-,maskin,motor,maquina,mtambo,maskin
enough,nok,genoeg,kylliksi,suffisant,genug,-,abbastanza,juubun,-,nok,bastantes,basta,a kutosha,nog
entire,hel,compleet,koko,global,ganze,-,globale,zenbu,totus,hel,inteiro,entero,zima,locka
envelope,konvolut,couvert,kirjekuori,enveloppe,briefumschlag,amplop,involucro,enbero-pu,-,konvolutt,envelope,sobre,-,kuvert
error,fejl,fout,virhe,erreur,irrtum,salah,vizio,sonji,error,mistak,defeito,equivocación,kosa,villfarelse
estate,bondegård,goed,maatila,bien,grundbesitz,-,fattoria,esute-to,villa,gods,fazenda,granja,-,gods
estimate,vurdere,schatten,arvioida,devis,abschätzen,menaksir,valutazione,yosoudaka,appretiare,vurdering,avaliar,estimar,-,värdera
europe,europa,europa,eurooppa,europe,europa,eropah,europa,youroppa,-,europa,europa,europa,ulaya,europa
evade,undvige,ontwijken,välttää,évader,ausweichen,menghindari,schivare,-,abscedere,lure seg unna,evitar,evadir,-,undanbe sig
even,flad,gelijk,yhtäläinen,soi même,gerade (zahl),-,anzi,nimo,vel,flat,mesmo,incluso,-,slät
ever,nogensinde,eenmaal,jolloinkin,jaùais,jemals,-,a secondo,toko,-,alltid,sempre,alguna vez,o -ote,någonsin
every,al,elk,jokainen,toute,jeder,tiap,ogni,sorezore,-,enhver,todo,cada,ote,var
everyone,al,iedere,jokainen,chacun,jeder,tiap,ognuno,minasan,-,alle,todo,cada,ote,alla
example,eksempel,toonbeeld,esimerkki,exemple,beispiel,umpama,esempio,hyouhon,proplasma,eksempel,exemplo,cala a,-,exempel
expensive,kær,kostbaar,kallis,coûteux,teuer,mahal,caro,takai,carus,kostbar,caro,caro,ghali,dyr
expire,dø,aflopen,kuolla,expirons,verfallen,berakhir,decorrere,ekusupaia,necare,utløpe,morrer,caducar,-,utlöpa
eye,øje,kijker,silmä,maille,auge {n},mata,occhio,manako,oculus,øye,olho,ojo,jicho,ögla
face,ansigt,het hoofd bieden,kasvot,visage,beschichten,muka,viso,men,facies,ansikt,cara,fisonomía,uso,ansikte
fact,faktum,feit,tosiasia,factum,tatsache,kenyataan,realtà,arugamama,-,faktum,fato,hecho,-,faktum
factory,fabrik,fabriek,tehdas,fabrique,fabrik,-,ditta,fakutori,-,fabrikk,fábrica,fábrica,karakana,fabrik
faint,svag,zwak,pyörtyä,s'évanouir,matt,lemah,deliquio,bon'yari,-,svak,fraco,desmayarse,hafifu,matt
fair,blond,marktplein,markkinat,blond,blond,adil,fecente,soutou,-,-,justo,catiro,soko,hygglig
faithful,tro,trouw,uskollinen,loyal,sinngetreu,setia,fido,chuujitsu,-,trofast,fiel,fiel,-,trogen
false,falsk,loos,-,postiche,unwahr,palsu,fasullo,heki,falsus,falsk,falso,impropio,-,osann
family,familie,gezin,perhe,famille,rechnerfamilie,keluarga,famiglia,shuzoku,familia,familie,família,familia,-,familj
farewell,afsked,vaarwel,hyvästi,adieu,lebewohl,-,separazione,saraba,ave,farvell,adeus,adios,kwa herini,farväl
farm,bondegård,agrarisch,vuokrata maata,domaine,farm,-,fattoria,noujou,villa,gård,granja,agrario,-,bondgård
fast,hurtig,vasten,luja,vite,schnell,lekas,presto,subayai,-,rask,rápido,cuaresma,epesi,fasta
fat,fed,lijvig,rasva,gros,fett,-,grassello,nikudzukinoyoi,arvina,fett,gordo,engrase,nono,fet
father,fader,pater,isä,pere,vater,bapak,padre,otokooya,abbas,far,pai,padre,baba,far 
fear,angst,beklemming,pelätä,angoisse,fürchten,-,angoscia,osore,-,frykte,receio,recelo,hofu,befara
feather,-,pluim,kynä,plume,feder,-,penna,feza-,pinna,fjær,pena,pluma,kalamu,fjäder
february,februar,sprokkelmaand,helmikuu,février,februar,pebruari,febbraio,nigatsu,-,februar,fevereiro,febrero,februari,februari
feed,spise,eten,syödä,nourrir,eingabe,makan,mangiare,esa,-,måltid,alimentação,alimentar,-,mata
fellow,mand,aaneen,mies,ensemble,bursche,-,uomo,tomogara,vir,medlem,companheiro,compañero,mwanamume,kurre
fetch,hente,brengen,-,apporter,abruf {m},ambil ... mengambil,portare,fecchi,adducere,innbringe,busque,sacar,-,apportera
fever,feber,koorts,kuume,fièvre,fieber,demam,febbre,netsu,-,feber,febre,fiebre,homa,feber
field,mark,akker,pelto,champ,feld,-,territorio,no,ager,felt,campo,recinto,shamba,fält
fifteen,femten,vijftien,viisitoista,quinze,fünfzehn,-,quindici,juugo,quindecim,femten,quinze,quince,kumi na -tano,femton
fifty,halvtreds,vijftig,viisikymmentä,cinquante,fünfzig,-,cinquanta,-,quinquaginta,femti,cinqüênta,cincuenta,hamsini,femtio
file,fil,bestand,viilata,ranger,feile,baris,lima,yasuri,vicis,arkiv,fila,reglamentar,-,arkivera
finally,endelig,eindelijk,-,enfin,endlich,akhirnya,finalmente,ageku,tandem,endelig,finalmente,finalmente,-,slutligen
fine,bøde,net,kaunis,tendre,fein,cantik,multa,bakkin,pulcher,skjønn,belo,fino,bora,vite
finger,finger,vinger,sormi,digitale,finger,jari,dito,finga-,digitus,ta på,dedo,palpar,kidole,tumma på
finished,færdig,beëindigd,valmis,prêt,beendete,siap,perfetto,-,-,ferdig,terminado,listo,tayari,färdig
fire,skyde,ontzetten,tuli,larguer,schießen,api,buttare fuori,kasai,-,varme,fogo,disparar,moto,eld
firm,fast,gevestigd,luja,social,fest,gagah,comitiva,shoukai,-,firma,firma,sociedad,-,fast
first,først,eerste,-,premier,zunächst,-,primo,kan,primus,første,primeiramente,primeramente,a kwanza,förnämst
fish,fisk,vissen,kala,poisson,fischen,ikan,pescare,uo,piscis,fisk,peixe,pescar,samaki,fisk
five,fem,vijf,viisi,cinq,fünf,lima,cinque,go,quinque,fem,cinco,cinco,tano,fem
flat,flad,appartement,tasainen,plat,flach,flat,appartamento,furatto,-,flat,liso,liso,-,våning
float,svømme,vlotten,uida,flottent,floß,berenang,zattera,yatai,natare,flottør,nadar,nadar,-,vaja
floor,etage,verdieping,kerros,plancher,fußboden,lantai,pavimento,yuka,-,etasje,andar,pavimento,-,golv
flour,mel,meel,jauhot,farine,mehl,-,farina,komugiko,-,mel,farinha,harina,unga,mjöl
flow,flyde,stromen,virrata,coulons,fließen,alir ... mengalir,fluviale,furo-,-,flo,fluxo,flujo,-,flöda
flower,blomst,bloem,kukka,fleur,blume,bunga,fiore,kusabana,flos,blomst,flor,flor,ua,blomma
fly,flyve,aanvliegen,kärpänen,voler,fliegen,terbang,andara,hae,volare,flykte,voar,mosca,inzi,fluga
fog,tåge,nevel,sumu,masquer,verschleiern,-,foschia,fogu,caligo,dis,neblina,bruma,-,dimma
fold,fold,omvouwen,taivuttaa,pliez,falten,lipat,grinza,bai,-,fold,dobra,doblar,-,vika
folk,folk,volk,kansa,peuple,leute,-,gente,minkan,populus,mennesker,povo,pueblo,watu,-
follow,følge,opvolgen,seurata,suivre,folgen,mengikuti,conseguire,forou,-,følge,sequir,perseguir,-,följa
foot,fod,voet,jalka,pédestre,basis,-,base,fi-to,pes,fot,pé,pie,mguu,stativ
for,forbi,gedurende,aikana,pour,als,-,per,taishite,-,til,durante,pues,ili,ty
force,tvinge,doordrukken,tyrkyttää,forcez,kraft,paksa ... memaksa,effetto,chikara,construprare,styrke,força,poderio,-,kraft
foreign,udenlandsk,uitheems,vieras,-,ausländisch,asing,straniero,taigai,advena,-,extrangeiro,ajeno,a kigeni,utlänsk
foreigner,udlænding,buitenlander,-,étrangère,ausländer {m},orang asing,straniera,takokujin,barbarus,fremmed,estrangeiro,extranjero,mgeni,utlänning
forest,skov,woud,-,forestier,wald,-,selva,hayashi,silva,skog,floresta,bosque,msitu,skog
formerly,forhen,daarvoor,-,jadis,förmlich,sebelumnya,davanti,kyuurai,ante,tidligere,diante,delante,mbele,fordom
fountain,kilde,fontein,kaivo,évent,brunnen,mata-air,sorgente,izumi,-,kilde,fonte,procedencia,-,fontän
four,fire,vier,neljä,quatre,vier,empat,quattro,yottsu,quattuor,fire,quatro,cuatro,nne,fyra
fourteen,fjorten,veertien,neljätoista,quatorze,vierzehn,-,quattordici,juushi,quattuordecim,fjorten,quatorze,catorce,kumi na -nne,fjorton
fourth,fjerde,vierde,neljäs,quart,viertes,-,quarta,-,quartus,fjærde,quinto,cuarto,a nne,fjärde
free,gratis,onbezet,vapaa,loisirs,freigeben,-,rilasciare,furi-,liber,ledig,livre,dispensar,-,fri
friday,fredag,vrijdag,perjantai,vendredi,freitag,jumat,venerdí,kin'youbi,-,fredag,sexta-feira,viernes,ijumaa,fredag
friend,veninde,vriendin,ystävä,amie,freundin,kawan,camerata,kaonajimi,amica,venn,amiga,camarada,rafiki,vän
friendly,venlig,voorkomend,ystävällinen,aimable,befreundetem,baik-haiti,cortese,hitonatsukkoi,comis,vennskapelig,amigável,amistoso,-,vänlig
frog,frø,kikker,sammakko,grenouille,frosch,kodok,rana,kaeru,-,frosk,rã,rana,chura,groda
from,ud,sedert,ulos,flamé,von,-,da,kara,a,etter,de,de,kwa,ifrån
fruit,frugt,vrucht,hedelmä,fruitier,obst,buah,frutti,mi,-,frukt,fruta,fruta,-,frukt
full,fuld,totaal,kylläinen,rempli,völlig,-,gremito,ippai,plenus,fullstendig,completamente,lleno,-,full
gain,erhverv,acquest,voittaa,gagner,verstärkung,-,prodotto,gein,-,gagn,ganho,provecho,faida,vinst
game,leg,spel,-,jeu,spiel,permainan,giuoco,emono,-,spill,jogo,baraja,mchezo,parti
garden,have,hof,puutarha,jardin,garten,kebun,giardino,niwa,hortus,have,jardim,jardin,bustani,trädgård
gate,dør,draaihek,ovi,porte,sperre,-,valvola,seki,ianua,port,porta,paso,mlango,grind
gather,slutte,deduceren,tehdä johtopäätös,cueillent,erfassen,kumpulkan,raccogliere,gyaza-,concludere,plukke,recolhimento,cosechar,-,samla
gentle,sød,liefelijk,makea,doux,zahm,manis,dolce,nagoyaka,dulcis,søt,suave,dulce,tamu,vek
get,gribe,verkrijgen,hankkia,acquérir,bringen,ambil ... mengambil,arrivare,choudai,capere,hente,receber,acoger,-,bliva
gift,gave,gift,lahja,cadeau,gabe,pemberian,presente,atae,donum,gave,presente,regalo,-,present
give,give,schenken,antaa,donnent,eingeben,beri ... memberi,dare,-,dare,gi,elasticidade,donar,-,giva
glass,glas,drinkglas,juomalasi,verre,spiegel,-,calice,garasu,-,speil,vidro,cascara,kioo,glas
goal,hensigt,doelstelling,päämäärä,but,zielpunkt,maksud,scopo,go-ru,-,mål,alvo,fin,-,mål
goat,ged,sik,-,chevre,geiß,kambing,capra,yagi,caper,geit,cabra,cabra,mbuzi,get
god,gud,god,jumala,dieux,gutes,allah,iddio,kamisama,deus,gud,deus,dios,mungu,gud
gold,guld,gulden,kulta,or,gold,emas,oro,go-rudo,aureus,gull,ouro,oro,-,-
good,god,okee,hyvä,bon,gut,-,buono,tame,bonus,god,bom,bueno,ema,bra
goodbye,farvel,vaarwel,hyvästi,adieu,auf wiedersehen,-,arrivederci,adiosu,ave,farvel,adeus,adiós,kwa herini,farväl
goose,gås,gans,hanhi,oie,gans,-,oca,gachou,anser,gås,ganso,oca,-,gås
grade,grad,graad,aste,degré,einteilen,pangkat,sorta,kurai,-,trinn,classe,grado,cheo,gradera
grape,vindrue,druif,rypäle,raisin,weintraube,-,uva,gure-pu,botrys,drue,uva,uva,-,druva
grass,græs,gras,ruoho,herbe,gras,rumput,erba,gurasu,-,gress,erva,césped,majani,gräs
grease,fedt,invetten,rasva,graisse,abschmieren,-,grassello,guri-su,arvina,fett,graxa,grasa,-,fett
green,grøn,groen,vihreä,vert,grün,hijau,verde,ao,cæruleus,grønn,verde,verde,-,grönt
greeting,hilsen,saluut,tervehdys,salutation,begrüßung,salam,vale,eshaku,-,hilsen,cumprimento,saludo,salamu,hälsning
ground,grund,achtergrond,pohja,sol,maße,-,suolo,daichi,-,årsak,fundo,suelo,udongo,mark
guard,konduktør,bewaken,vartioida,contrôleur,bewachen,-,proteggere,goei,custodia,garde,protetor,guardar,mlinzi,akta
guest,gæst,gast,vieras,convive,gast,-,ospite,okyakusan,conviva,gjest,convidado,huésped,mgeni,främmande
guide,føre,besturen,opastaa,conduire,führen,pimpin,introduzione,sendatsu,adducere,-,guia,impuestos,-,vägleda
habit,sædvane,aanwensel,tapa,habitude,angewohnheit {f},kebiasaan,costumanza,narawashi,consuetudo,drakt,hábito,hábito,desturi,vana
hair,hår,haardos,hius,chevelure,haar,-,capelli,hea,capillus,hår,pêlo,cabello,nywele,hårstrå
hammer,hammer,hameren,-,martelez,hammer,palu,martello,kanadzuchi,marcus,hamre,martelo,acotillo,-,hamra
hand,arbejder,aanreiken,käsi,ouvrier,hand,pekerja,mano,te,manus,hånd,mão,obrero,mkono,hand
handsome,skøn,fijn,kaunis,beau,gutaussehend,cantik,-,rippa,formosus,-,belo,bonito,zuri,vacker
hang,hænge,hangen,riippua,pendre,hängen,-,appiccare,hangu,pendere,henge,cair,colgar,-,hänga
happen,ske,toegaan,tapahtua,se passer,geschehen,terjadi,avvenire,-,accidere,hende,aconteça,ocurrir,-,ske
happy,lykkelig,gelukkig,onnellinen,chanceux,glücklich,senang,lieto,yukai,-,glad,feliz,feliz,-,lycklig
hard,vanskelig,hard,-,dur,fest,-,solido,sobou,difficilis,hard,difícil,duro,gumu,hård
hare,hare,haas,jänis,lièvre,hase,-,lepre,usagi,-,hare,lebre,liebre,sungura,hare
harvest,høst,oogst,korjata,récoltent,herbst,-,raccolto,minori,-,avling,colheita,cosechar,mavuno,skörda
have,modtage,erop nahouden,saada,avons,besitzen,menerima,prendere,-,habere,ha,haver,poseer,na,ha
he,han,hij,hän,lui,er,-,lui,hyu-man'enjiniaringu,-,han,ele,él,yeye,han
head,hoved,geleiden,pää,tête,kopf,pimpin,capoccia,kashira,caput,leder,cabeça,cabeza,kichwa,chef
healthy,sund,gezond,terve,sain,gesünder,sehat,sano,herushi-,sanus,-,saudável,sano,-,hälsosam
hear,høre,verstaan,kuulla,oyons,vernehme,-,sentisti,hia,audire,få vite,ouça,oír,-,åhöra
heart,hjerte,hart,sydän,coeur,herz,jantung,cuore,chuushin,cor,kjerne,coração,corazo,moyo,hjärta
heat,ild,gloed,lämmittää,chaleur,wärme-,panas,calore,atsusa,-,løpetid,calor,calor,-,hetta
heavy,tung,drukkend,-,emporté,schwer,berat,pesante,tadai,-,tung,pesado,abrupto,zito,tung
help,hjælpe,assisteren,auttaa,aide,hilfe,bantuan,aiuto,sewaninaru,auxilium,hjelp,ajuda,ayudar,msaada,hjälp
her,sin,haar,hän,son,es,-,lei,-,suus,hennes,ela,ello,ake,henne
here,her,hier,-,ici,hier,-,quite,korede,hic,her,aqui,aquí,humu,hit
high,høj,hoog,korkea,haut,hoch,-,altissimo,kihou,altus,høy,elevado,sumamente,-,hög
hill,bakke,aanaarden,-,élévation,anhöhe {f},-,collina,hiru,collis,ås,monte,colina,mlima,kulle
hip,hofte,heup,lonkka,hanche,hüfte,-,anca,koshi,coxendix,nype,quadril,cadera,-,höft
hit,banke,slaan,lyödä,frapper,hieb,pukul,picchiare,atari,-,ramme,bater,batido,-,träffa
hold,bevare,-,pitää,stopper,halten,memegang,durare,ho-rudo,tenere,tak,porão,continuar,-,tag
hole,hul,groef,reikä,réduit,markierung,lubang,fossa,ana,-,hull,furo,agujero,tundu,glugg
honest,ærlig,eerlijk,rehellinen,honnête,ehrlich,jujur,onesto,ryoushinteki,probus,ærlig,honesto,leal,-,rejäl
honey,honning,honing,hunaja,miel,honig,-,miele,hani-,-,honning,mel,miel,asali,honung
hope,håbe,hopen,toivoa,erspérer,hoffe,harap,sperare,mikomi,spes,håp,esperança,esperanza,-,förhasta
horse,hest,paard,hevonen,cheval,pferd,kuda,cavallo,uma,caballus,hest,cavalo,bayo,farasi,häst
hotel,hotel,hotel,hotelli,hotel,hotel,hotel,albergo,hoteru,-,hotell,hotel,hotel,hoteli,hotell
hour,time,uur,tunti,heure,stunde,jam,lezione,jibun,hora,time,hora,hora,saa,tidpunkt
house,hus,geslacht,talo,maison,haus,-,casa,taku,villa,hus,casa,casa,nyumba,hus
how,-,hoe,miten,comme,wie,sebagai,come,doushite,-,hvordan,como,cuan,kama,hur
however,-,echter,kuitenkin,toutefois,dennoch,-,in ogni modo,shikaruni,tamen,hvordan,embora,realmente,lakini,likväl
hundred,hundrede,honderd,sata,centaine,hundert,-,cento,hyaku,centum,hundre,cem,cien,mia,hundra
husband,mand,gemaal,puoliso,époux,mann,suami,consorte,aruji,-,ektemann,marido,marido,mume,man
hut,hytte,hut,mökki,hutte,hütte,-,capanna,fuseya,casa,hytte,cabana,cabana,kibanda,nav
i,jeg,mij,minä,j',ich,aku,me,hon'in,ego,jeg,-,yo,mimi,in
ice,is,ijsje,jää,glace,eis,es,ghiaccio,aisu,-,ise,gelo,helado,-,is
idea,idé,idee,aate,trouvaille,idee,ide,nozione,sakui,-,tanke,idéia,concepto,-,idé
illness,sygdom,ziekte,-,maladie,-,penyakit,malattia,irei,morbus,sykdom,doença,enfermedad,ugonjwa,åkomma
important,vigtig,erg,tärkeä,grave,bedeutend,penting,vistoso,inpo-tanto,-,viktig,importante,grave,kubwa,viktig
in,i,per,-,dans,in,-,negli,oite,in,inn,em,por,ndani ya,på
induce,slutte,besluiten,tehdä johtopäätös,induis,veranlassen,-,provocare,yuuhatsu,concludere,bevege,induza,inducir,-,förmå
industrious,flittig,naarstig,ahkera,assidûment,fleißig,giat,valente,temame,-,flittig,aplicado,industrioso,-,idog
inexpensive,billig,goedkoop,-,abordable,preiswert,murah,economico,teiren,vilis,billig,barato,barato,rahisi,-
infant,barn,kind,lapsi,enfant,kleinkind,-,fanciullo,akachan,infans,spedbarn,criança,niño,mtoto,-
inhabitant,indbygger,inwoner,-,habitant,einwohner,-,abitatore,juunin,incola,beboer,habitante,morador,mwenyeji,invånare
ink,blæk,inkt,muste,encre,tinte,tinta,inchiostro,sumi,-,blekk,tinta,tinta,wino,bläck
inside,på,per,-,dans,inneres,-,di dentro,naimenteki,in,innside,para dentro,en,katika,inne
interesting,interessant,interessant,kummallinen,intéressant,anteil,menarik,interesante,omoshiroi,-,interessant,interessar,enderezado,-,intressant
iron,strygejern,ijzeren,rauta,fer à repasser,eisen,besi,ferro,airon,ferrum,-,férreo,plancha,chuma,järn
island,ø,eiland,saari,île,insel,pulau,isola,shima,insula,øy,console,isla,kisiwa,ö
january,januar,louwmaand,tammikuu,janvier,januar,januari,gennaio,ichigatsu,-,januar,janeiro,enero,januari,januari
job,embede,emplooi,virka,métier,arbeit {f},-,lavoro,jobu,labor,spekulere,tarefa,trabajo,kazi,jobb
join,forene,zich aansluiten,sitoa,joignent,verbinden,mengikat,legare,setsuzoku,adiungere,forbinde,junte,reunirse,-,foga
journey,rejse,toer,matka,voyage,reise,perjalanan,itinerario,enro,-,reise,viagem,viaje,safari,resa
joy,glæde,blijdschap,ilo,joie,-,-,consolazione,gojou,gaudium,glede,alegria,alegría,furaha,fröjd
judge,dømme,beoordelen,tuomita,juge,richter,hakim,giudice,jajji,-,dømme,juiz,juez,-,bedöma
jug,kande,kan,ruukku,pot,krug,-,orcia,kame,-,potte,jarro,jarro,chungu,kanna
juice,saft,sap,mehu,jus,saft,air perah,succo,shoueki,-,kraft,suco,zumo,-,saft
july,juli,juli,heinäkuu,juillet,juli,juli,luglio,shichigatsu,-,juli,julho,julio,julai,juli
jump,springe,springen,hypätä,sautent,sprung,melompat,saltellare,tobikomi,salire,hoppe,salto,brinco,-,hoppa
june,juni,zomermaand,kesäkuu,juin,juni,juni,giugno,rokugatsu,-,juni,junho,junio,juni,juni
just,retfærdig,billijk,juuri,juste,gerade,adil,equanime,tadashii,solum,rimelig,somente,solamente,tu,rättvis
key,nøgle,toonschaal,sävelasteikko,clé,passfeder,kunci,chiave,ki-,clavis,nøkkel,chave,tecla,ufunguo,nyckel
kill,dræbe,ombrengen,-,tuent,töten,bunuh,uccidere,uchitoru,absumere,drepe,matança,matar,-,slå ihjäl
kind,art,vriendelijk,ystävällinen,aimable,sorte {f},macam,fare,you,lepidus,vennlig,amável,bondadoso,-,god
king,dame,dam,kuningas,dame,könig,-,-,kokuou,rex,konge,rei,rey,mfalme,konung
knee,knæ,knie,polvi,genou,knie,lutut,ginocchio,ni-,genu,kne,joelho,rodilla,goti,knä
knife,kniv,mes,-,lingue,messer,pisau,coltello,debabouchou,smila,kniv,faca,cuchillo,kisu,kniv
know,vide,kennen,tuntea,savons,können,tahu,potere,nou,scire,kunne,saber,saber,-,veta
lake,sø,waterplas,järvi,marin,see,-,navale,re-ku,lacus,sjø,lago,lago,-,insjö
lamp,lampe,lamp,lamppu,lampe,lampe,lampu,lampada,ranpu,lychnus,lampe,lâmpada,lampara,taa,lampa
land,land,aan land gaan,maa,atterrir,boden,darat,terreno,rando,tellus,lande,terra,aterrizar,ulaya,ägor
language,sprog,taal,kieli,parole,sprache,bahasa,idioma,range-ji,lingua,språk,língua,idioma,lugha,språk
large,stor,groot,iso,grand,groß,besar,grande,ko,-,utstrakt,grande,anchuroso,kubwa,stor
last,forbigangen,voorgaand,viimeinen,dernier,zuletzt,-,ultimo,saishuu,-,vare,último,postrero,a mwisho,sist
law,lov,recht,laki,loi,gesetz,hukum,legge,nori,lex,rett,lei,ley,-,lag
lead,føre,de weg wijzen,opastaa,guider,blei,pimpin,condurre,sentou,adducere,ledelse,ligação,guiar,-,föra
leader,chef,gebieder,päällikkö,causeur,führer {m},majikan,guida,shuhan,-,leder,líder,jefe,jumbe,ledare
leaf,blad,vel,lehti,feuille,blatt,-,sfogliare,ha,folium,blad,folha,hoja,jani,blad
lean,mager,schragen,nojata,maigre,mager,tipis,sostenere,kei,-,helle,delgado,apoyarse,-,mager
leap,springe,springen,hypätä,sauter,springen,lompat,saltare,chouyaku,salire,sprang,pulo,brincar,-,språng
leather,læder,taai,nahka,cuir,leder,kulit,cuoio,kawa,corium,lær,couro,cuero,-,läder
leave,løslade,op reis gaan,jättää,laisser,verlassen,-,andàrsene,tachisaru,abætere,reise,licença,irse,-,utträda
leg,ben,been,sääri,jambe,bein,-,gamba,katai,crus,lår,pé,pierna,mguu,-
lemon,citron,citroen,sitruuna,citron,zitrone,jeruk,limone,remon,-,sitron,limão,limon,-,citron
letter,bogstav,zendbrief,kirjain,missive,brief,surat,epistolare,shousoku,epistola,bokstav,carta,letra,barua,skrivelse
lie,løgn,liggen,maata,mentir,lüge,baring ... berbaring,circostanza,rai,cubare,løgn,mentira,mentir,uongo,lögn
life,liv,leven,-,vie,leben,-,stare,itonami,vita,liv,vida,vida,maisha,leverne
light,let,aansteken,valo,camoufle,hell,enteng,lampada,ranpu,lumen,belysning,débil,lampara,nuru,sken
lightning,lyn,bliksem,salama,fulgurer,blitz,-,baleno,denkou,fulgetrum,lyn,relâmpago,relámpago,umeme,-
like,synes om,hoe,miten,de suite,gernhaben,sebagai,simile,douyou,-,som,quão,parejo,kama,liksom
line,medesnøre,vislijn,viiva,raie,furche,baris,riga,rain,vicis,bransje,fio,turno,mstari,linje
lion,løve,leeuw,leijona,lion,löwe,-,leone,raion,leo,løve,leão,león,simba,lejon
lip,læbe,lip,huuli,lèvre,lippe,bibir,labbra,rippu,labia,leppe,bordo,labio,-,läpp
list,liste,uitlisten,lista,énumérer,auflisten,daftar,numerare,meikan,-,slagside,lista,detallar,-,förteckning
little,lille,gering,-,petit,klein,kecil,piccolo,kinshou,-,litt,pequeno,pequeño,dogo,litet
liver,lever,lever,maksa,foie,leber,hati,epatico,reba-,-,lever,fígado,hígado,-,lever
load,læs,laden,lasti,chargement,aufladen,memuati,caricato,ro-do,-,last,carga,carga,mzigo,ladda
loaf,brød,mik,leipä,pain,laib,roti,pagnotta,-,pane,brød,pão,pan,mkate,limpa
lobster,hummer,langoest,hummeri,homard,hummer,-,aragosta,ebi,locusta,hummer,lagosta,langosta,-,hummer
long,lang,lang,pitkä,longuement,lang,-,vasto,daradara,longus,lenge,comprido,largo,refu,lång
look,betragte,het uiterlijk hebben van,katsella,regardons,schauen,-,cera,gorannasai,spectare,blikk,olhar,acreditar,-,titt
love,elske,beminnen,rakastaa,aimez,liebe,kasih,amore,koigokoro,amor,elskede,amor,amor,-,kärlek
lovely,behagelig,behaaglijk,suloinen,charmant,lieblich,cantik,ameno,itoshii,pulcher,yndig,formoso,agradable,zuri,älsklig
low,lav,laag,-,inférieure,nieder,rendah,inferiore,hikui,abiectus,nedslått,baixo,bajo,-,gemen
loyal,tro,getrouw,uskollinen,loyal,loyal,setia,fido,roiyaru,-,lojal,leal,fiel,-,trogen
lump,brud,prop,kimpale,morceau,kloß,-,cumulo,kobu,-,klumpe,protuberância,pedazo,kipande,klimp
machine,-,machine,kone,machine,bearbeiten,mesin,ordigno,mashi-n,-,maskin,máquina,maquina,mtambo,maskin
mad,-,dolzinnig,hullu,fou,irre,gila,arrabbiato,kichigai,amens,rasende,louco,enojado,-,tokig
magazine,tidskrift,blad,sanomalehti,gazette,zeitschrift,-,periodico,zasshi,-,tidsskrift,jornal,periódico,gazeti,tidskrift
man,menneske,mens,mies,mâle,mann,manusia,persona,banbutsunoreichou,vir,menneske,homem,hombre,mwanamume,människa
march,gå,lopen,marssia,marcher,märz,maret,camminare,yayoi,ambulare,mars,março,andar,machi,tåga
market,torv,marktplein,markkinat,commercialisons,markt,pasar,mercato,hanro,-,torg,mercado,mercado,soko,marknad
matter,anliggende,aangelegenheid,asia,matière,sache,perkara,stoffa,naiyou,causa,anliggende,matéria,materia,jambo,ärende
mattress,madras,matras,-,matelas,matratze,tikar,materasso,shikibuton,sisurna,madrass,colchão,colchón,-,madrass
may,maj,bloeimaand,voida,mai,möge.mai,mei,potere,kamoshirenai,-,mai,maio,mayo,mei,må
maybe,måske,misschien,-,peut-être,vielleicht,boleh jadi,chissà,moshikashitara,fortasse,kanskje,talvez,quizá,labda,kanske
me,mig,mij,minä,je,mir,aku,me,ware,ego,-,mim,me,mimi,mig
meal,mel,bloem,jauhot,repas,essen,-,pietanza,mi-ru,-,mel,refeição,harina,unga,mål mat
means,værktøj,middel,keino,ressource,bedeutet,perkakas,espediente,shikata,-,middel,significa,medios,-,utväg
measure,mål,meten,mitata,mesurent,messen,-,proporzione,shisaku,-,mål,medida,tacto,cheo,mått
meat,kød,vlees,liha,viande,fleisch,daging,carne,niku,-,kjøtt,carne,carne,nyama,kött
medicine,-,medicijn,lääke,médicament,medizin,obat,medicina,igaku,-,medisin,medicina,medicina,dawa,medicin
milk,mælk,melk,lypsää,trayez,milch,susu,latte,miruku,-,melk,leite,leche,maziwa,mjölka
minute,minut,minuut,minuutti,minute,minute,-,minuto,seichi,-,minutt,minuto,minuto,dakika,minut
mirror,spejl,afspiegelen,peili,miroiter,spiegel,-,specchio,mira-,-,speil,espelho,espejo,kioo,spegel
miserable,dårlig,jammerlijk,-,malchanceux,elend,-,afflitto,nasakenai,malus,dårlig,miserável,desastrado,a huzuni,ömklig
mist,tåge,damp,sumu,brouillard,nebel,-,nebbia,kiri,caligo,tåke,neblina,niebla,-,imma
mistake,fejl,vergissing,virhe,trompons,verwechseln,salah,errore,gobyuu,error,feil,erro,equivocación,kosa,fel
mix,blande,temperen,sekoittaa,mêler,mischen,mencampuri,mischiare,gotta,-,blande,mistura,combinar,-,blanda
monday,mandag,maandag,maanantai,lundi,montag,senin,lunedí,getsuyou,-,mandag,segunda-feira,lunes,jumatatu,måndag
money,penge,poen,raha,monnaie,geld,duit,denaro,kane,æs,penger,dinheiro,pecunia,fedha,pengar
monkey,abe,aap,apina,singe,affe {m},kera,scimmia,yamazaru,cercops,-,macaco,mono,tumbili,apa
month,måned,maand,kuukausi,mois,monat,-,mese,tsuki,mensis,måned,mês,mes,mwezi,månad
moon,måne,maan,kuu,lune,mond,-,luna,getsuei,luna,måne,lua,luna,mwezi,måne
mother,mor,ouder,-,maternel,mutter,-,madre,hahaoya,mater,mor,mãe,madre,mama,mamma
mountain,bjerg,berg,vuori,montagne,gebirge,gunung,montagna,yama,mons,fjell,serra,montaña,mlima,berg
mouse,mus,muis,hiiri,souris,maus,tikus,topo,nezumi,mus,mus,rato,raton,panya mdogo,råtta
mouth,mund,bek,suu,bouche,mündung,mulut,boca,kuchisaki,bucca,munn,boca,boca,-,mynning
mud,dynd,slik,loka,boue,schlamm,lumpur,fango,deido,cænum,-,lama,mud,-,slam
mushroom,svamp,champignon,sieni,champignon de couche,champignon,-,fungo,masshuru-mu,boletus,sopp,cogumelo,seta,-,svamp
nail,negl,spijkeren,kynsi,clou,nagel,kuku,chiodo,kugi,clavus,negl,unha,uña,-,spika
name,navn,benaming,nimi,qualifier,name,-,reputazione,shougou,nomen,navn,nome,denominar,jina,banämning
narrow,smal,smal,-,pressé,schmal,sempit,venni,semai,angustus,trang,-,angosto,embamba,snäv
nasty,snavset,afschuwelijk,inhottava,vilain,garstig,jelek,spaventoso,tanrakuteki,malus,dårlig,sujo,sucio,baya,otäck
nation,folk,natie,kansa,peuple,volk,bangsa,nazione,tami,populus,-,nação,nacion,watu,nation
nature,natur,karakter,-,nature,natur,alam,indole,etai,animus,natur,natureza,naturaleza,-,natur
nearly,næsten,schier,melkein,quasiment,beinahe,hampir,quasi,hakkubu,pæne,nesten,quase,casi,-,nära
necessary,nødvendig,nodig,välttämätön,necessaire,wichtig,perlu,necessario,hisshino,-,-,necessário,necesario,lazima,nödvändig
neck,hals,nek,kaula,cou,hals,leher,collo,eri,cervix,hals,garganta,cervical,-,nacke
need,behøve,nodig hebben,tarvita,indigence,bedürfnis,perlu,aver bisogno,iriyou,requirere,-,necessidade,necesitar,haja,behöva
needle,knappenål,naald,neula,aiguille,nadel,jarum,ago,hari,-,knappenål,alfinete,alfiler,sindano,nål
never,aldrig,nimmer,ei koskaan,ne jamais,niemals,-,giammai,konrinzai,nunquam,aldri,nunca,jamas,-,aldrig
new,ny,nieuw,uusi,nouveau,neu,-,novizio,arata,novus,ny,novo,nuevo,pya,ny
newspaper,avis,blad,sanomalehti,journal,zeitung,-,gazzetta,shinbun,-,tidskrift,jornal,gaceta,gazeti,tidning
next,derpå,naast,sitten,puis,nächstes,-,prossimo,tsugi,postea,bak,em seguida,próximo,-,härnäst
nice,behagelig,genoeglijk,miellyttävä,agréable,nett,-,simpatico,kekkou,bonus,god,agradável,agradable,zuri,god
night,nat,nacht,yö,nuit,nacht,-,notturno,yabun,nox,natt,noite,noche,usiku,natt
nine,ni,negen,yhdeksän,neuf,neun,sembilan,nove,kokonotsu,novem,ni,nove,nueve,kenda,nio
nineteen,nitten,negentien,yhdeksäntoista,dix neuf,neunzehn,-,diciannove,juukyuu,undeviginti,nitten,dezenove,diecinueve,kumi na kenda,nitton
no,-,neen,ei,non,nicht,tidak,no,nain,-,ikke,não,no,la,nej
north,nord,noorden,pohjoinen,nord,norden,-,bòrea,hoku,-,nord,norte,norte,kaskazini,norr
nose,næse,neus,nenä,nez,nase,hidung,fiuto,hana,nasus,nese,nariz,nariz,-,nos
note,billet,plaatsbewijs,muistiinpano,nota,notiz {f},karcis,notazione,bunsho,-,billett,bilhete,billete,-,biljett
novel,ny,nieuw,uusi,roman,neuartig,-,romanzo,meatarashii,romanus,ny,novela,novela,pya,roman
november,november,november,marraskuu,novembre,november,nopember,novembre,juuichigatsu,-,november,novembro,noviembre,novemba,november
now,nu,enfin,no,maintenant,nun,-,attualmente,mohaya,nunc,nå,pois,actualmente,sasa,nu
number,antal,aantal,numero,numéral,numerieren,-,novero,nanba-,-,nummer,número,número,hesabu,nummer
nurse,sygeplejerske,verzorgen,hoitaa,infirmière,pflegen,jururawat,allattamento,togi,-,sykepleierske,enfermeira,enfermera,mlezi,sköta
oats,havre,haver,kaura,avoine,hafer,-,avena,enbaku,avena,havre,aveia,avena,-,havre
object,ting,mikpunt,esine,objet,gegenstand,benda,traguardo,mono,-,ting,objecto,meta,kitu,objekt
october,oktober,wijnmaand,lokakuu,octobre,oktober,oktober,ottobre,juugatsu,-,oktober,outubro,octubre,oktoba,oktober
office,kontor,kantoor,virka,charge,büro,-,ufficio,ninmu,-,kontor,escritório,alcaldia,afisi,byrå
offset,afstand,afstand,etäisyys,bifurquer,abzweigen,-,compromesso,ofusetto,-,avstand,distância,bifurcarse,mwendo,telning
often,ofte,menigmaal,usein,souvent,oft,-,spesso,ouou,sæpe,-,frequentemente,a menudo,mara nyingi,ofta
oil,olie,olie,öljy,huile,öl,minyak,oleato,sekiyu,-,olje,óleo,aceite,mafuta,smörja
one,et,men,yksi,une,eins,satu,uno,ichi,unus,en,um,uno,moja,man
onion,løg,ajuin,sipuli,oignon,zwiebel,bawang,cipolla,onion,cæpa,løk,cebola,cebolla,kitunguu,lök
only,alene,pas,yksin,seul,einzig,sendiri,singolo,bakari,solum,alene,somente,singular,tu,blott
outside,ydre,buiten,ulkopuolella,dehors,außerhalb,-,al di fuori,uwabe,extra,utenfor,fora,afuera,nje,yttersida
pail,spand,emmer,ämpäri,seau,eimer,ember,secchio,baketsu,situla,-,balde,cubo,-,hink
palace,-,paleis,-,palais,palast,mahligai,palazzo,kyuuden,aula,slott,palácio,palacio,jumba,slott
pale,bleg,verbleekt,kalpea,pâle,blaß,pucat,pallido,aoi,-,blek,pálido,pálido,-,blek
pants,bukser,lange broek,housut,pantalon,hose,celana,mutande,-,bracæ,benklær,calças,pantalón,-,kalsonger
paper,papir,bescheid,paperi,document,schriftstück,-,documento,kami,biblus,papir,papel,ponencia,karatasi,papper
parsley,persille,peterselie,persilja,persil,petersilie,-,prezzemolo,paseri,petroselinum,persille,salsa,perejil,-,persilja
part,rolle,deel,osa,contingent,teil,-,sezione,ichibu,pars,del,parte,parte,kipande,skilja
path,sti,pad,polku,sentier,zweig,-,viale,keiro,-,sti,caminho,sendero,njia,väg
paw,pote,poot,jalka,patte,pfote,-,zampa,-,pes,ben,pé,pata,mguu,tass
pay,betale,storten,maksaa,payent,bezahle,bayar ... membayar,stipendio,kouchin,-,betale,pagamento,pagar,-,betala
peace,fred,vrede,rauha,paix,stück,damai,pesca,kyuui,pax,fred,paz,paz,-,frid
pencil,blyant,potlood,lyijykynä,crayon,bleistift,-,lapis,enpitsu,-,blyant,lápis,lápiz,kalamu,pensel
people,folk,lieden,kansa,peuple,volk,-,volgo,minshuu,populus,folk,povo,gente,watu,man
pepper,peber,peperen,pippuri,poivre,pfeffer,merica,pepe,peppa-,-,pepper,pimenta,pimienta,-,peppar
perform,gøre,opdraven,tulla näkyviin,construire,funktionieren,masuk,spingere,-,apparere,gjøre,aparecer,exportar,-,uppfylla
perhaps,måske,mogelijkerwijs,-,peut-être,etwa,boleh jadi,forse,moshikasuruto,fortasse,kanskje,acaso,quizá,labda,kanske
peril,fare,onraad,vaara,danger,risiko,bahaya,pericolo,kichi,periculum,fare,perigo,peligro,hatari,våda
picture,figur,beeld,kuva,figure,abbildung,lukisan,dipinto,jinbutsuzou,-,bilde,retrato,grabado,-,porträtt
piece,del,fragment,pala,fragment,bruchstück,-,porzione,pi-su,pars,del,parte,parte,sehemu,stycke
pig,svin,zwijn,sika,cochon,schwein,babi,maiale,buta,porcus,svin,porco,chancho,nguruwe,gris
pigeon,due,duif,kyyhkynen,sourde,taube,-,colomba,hato,columba,due,pombo,paloma,-,duva
pipe,rør,pijp,piippu,pipe,röhre,pipa,fischietto,kuda,-,rør,cachimbo,pipa,kiko,avloppsrör
place,plads,plaats,panna,astro,platz,-,mettere,ichi,-,plass,meter,sentar,mahali,plats
plain,tydelig,vlakte,selvä,unie,ebene,nyata,pianura,taira,campus,klar,planície,llanura,-,simpel
plan,plan,strekking,suunnitella,planifier,plan,maksud,progetto,tsumori,-,bykart,planta,propósito,shauri,plan
plane,høvl,vliegtuig,lentokone,projet,hobel,pesawat terbang,aeroplano,rajikon,-,fly,plano,avión,shauri,plan
please,behage,alsjeblieft,miellyttää,plaisent,bitte,-,favore,nanitozo,delectare,vær så god,por favor,por favor,tafadhali,behaga
pocket,lomme,zak,tasku,empochez,fach,saku,tasca,pojetto,-,lomme,algibeira,casilla,-,ficka
pole,polak,pool,puolalainen,pôle,pfahl,-,polacco,bou,-,stang,pólo,bache,mti,påle
poor,dårlig,erbarmelijk,kurja,pauvre,arm,-,umile,hosoboso,malus,stakkars,mau,pobre,hafifu,torftig
pork,svinekød,varkensvlees,sianliha,porc,schweinefleisch,daging babi,-,butaniku,porcina,svinekjøtt,carne de porco,carne de cerdo,-,griskött
port,havn,haven,satama,connexion,port,-,porto,kaikou,portus,havn,porto,puerto,-,hamn
possibly,måske,misschien,-,peut-être,möglicherweise,mungkin,forse,hyotto,fortasse,kanskje,acaso,quizás,labda,möjligen
post,embede,aanplakken,virka,fonction,post,-,palo,hari,-,post,borne,empleo,mti,stolpe
potato,kartoffel,pieper,peruna,pomme-de-terre,kartoffel,kentang,patata,poteto,-,potet,batata,patata,kiazi,potatis
present,nærværende,tegenwoordig,esittää,présenter,präsent,pemberian,presenza,okurimono,-,presang,apresentar,regalo,-,presens
price,pris,prijs,hinta,tarifaire,bereits,-,tariffa,neuchi,pretium,pris,preço,precio,-,pris
profit,profitere,verdienste,hyötyä,bénéficient,nutzen,-,guadagno,rijun,-,gagn,lucro,ganancia,faida,förtjänst
property,bondegård,landgoed,laatu,bien,eigentum,-,possesso,zaisan,villa,gård,fazenda,tenencia,-,gods
punish,straffe,bestraffen,rangaista,punissent,bestrafe,menghukum,castigare,batsu,punire,-,puna,penar,-,straffa
pure,ren,zindelijk,puhdas,pur,rein,bersih,pulito,junsei,purus,ren,puro,puro,safi,ren
purpose,hensigt,doelwit,päämäärä,dgssein,absicht,maksud,scopo,mokuteki,-,mål,alvo,finalidad,-,avsikt
quick,hurtig,snel,nopea,nerveux,schnellsortieren,jepat,agile,hakabakashii,-,-,rapidamente,presto,epesi,kvick
rabbit,kanin,konijn,kani,lapin,kaninchen,-,lepre,usagi,cuniculus,kanin,coelho,conejo,kisungura,kanin
rain,regn,regenen,sade,pleuvoir,regnen,hujan,pioggia,ame,pluere,regn,chover,lluvia,mvua,regn
rank,-,graad,rivi,rangée,stufe,baris,gradino,joretsu,vicis,-,fila,rango,cheo,rang
rapid,hurtig,gezwind,nopea,torrentueux,schnell,lekas,rapido,hakabakashii,-,hurtig,rápido,rápido,epesi,snabb
rat,rotte,rot,rotta,rat,ratte,-,ratto,nezumi,-,rotte,rato,rata,panya,råtta
rate,vurdere,proportie,arvioida,taxer,bewerten,derajat,ritmo,bu,appretiare,-,orçar,cadencia,cheo,taxera
rather,nok,een klein beetje,han,certes,eher,agak,preferire,isso,-,-,bastante,propiamente,katikati,hellre
ready,færdig,klaar,valmis,prêt,fertig,siap,essere disposto,dekiagari,-,-,pronto,preparado,tayari,färdig
reason,fornuft,reden,järki,raison,verstand,sebab,ragione,gen'yuu,-,-,razão,cordura,sababu,förnuft
receive,modtage,aanvaarden,saada,phagocyter,retten,menerima,fagocitare,reshi-bu,accipere,godta,receba,recibir,pokea,erhålla
red,rød,rood,punainen,rouge,rot,-,vermiglio,niiro,russus,rød,vermelho,tinto,ekundu,röd
register,anbefale,aangeven,suositella,recommander,registrieren,anjur ... menganjurkan,registrare,rejisuta-,-,innskrive,registar,expedir,-,inregistrera
repeat,gentage,herhalen,toistaa,répétez,wiederholung,mengulangi,ripetere,ripi-to,-,gjenta,repetir,repetir,-,repetera
reply,svar,antwoorden,vastata,répondre,antwort,-,risposta,touben,responsum,svare,responder,contestacion,jibu,svar
rest,rest,rest,levätä,reposent,stütze,aso ... mengaso,giacere,amari,requiescere,hvile,descanso,descansar,-,ro
rice,ris,rijst,riisi,riz,reis,beras,riso,raisu,oryza,ris,arroz,arroz,mpunga,ris
right,ret,rechter-,oikeanpuolinen,droit,rechts,betul,esatto,zen,dexter,riktig,direita,recto,a kuume,riklig
ring,ringe,wal,rengas,cerne,klang,-,circolo,enjin,anulus,ring,anel,anillo,-,ring
river,flod,rivier,joki,fleuve,fluß,-,fiume,ookawa,flumen,elv,rio,flujo,mto,å
road,vej,weg,tie,chemin,landstraße,-,contrada,ro-do,via,vei,estrada,rua,barbara,väg
rock,klippe,balanceren,tuutia,bercer,fels,-,dondolare,yurasu,petra,stein,rocha,pe a,-,vagga
roof,tag,kap,katto,toit,dach,atap,tetto,yane,-,tak,telhado,techado,-,tak
room,rum,bestek,huone,chambre,gelaß,kamar,camera,yutori,-,værelse,quarto,habitación,chumba,rum
root,rod,aanslaan,-,enraciner,wurzel,akar,radice,tsukene,radix,rot,raiz,raiz,mzizi,rot
rope,reb,lijntje,köysi,funiculaire,seil,tali,gòmena,sakujou,ceruchus,tau,corda,cuerda,uzi,lina
round,om,ronde,ympärillä,cyclo,runde,-,rotondo,marui,circa,reip,redondo,rotundo,-,om
route,vej,reisplan,tie,parcours,senden,-,direzione,toorimichi,via,vei,estrada,trayecto,njia,-
row,ro,roeien,rivi,tintamarre,rudern,baris,canottaggio,ikkou,vicis,-,fila,ringla,-,rad
run,flugt,aanrijden,toimia,courent,programmstart,-,esercitare,ran,currere,løpe,funcionamento,transcurso,-,löpning
sack,afskedige,ontzetten,säkki,ficher,plündern,sak,licenziare,hyou,coleus,sekk,-,bolso,mfuko,påse
safety,sikkerhed,veiligheid,-,sécurité,sicherheit,keamanan,sicurezza,anpi,salus,sikkerhet,segurança,seguridad,-,säkerhet
salary,gage,loon,palkka,appointements,gehalt,salaris,stipendio,sarari-,æs,-,salário,sueldo,mshahara,lön
salt,salt,zouten,suola,sel,salz,garam,sale,shio,-,salt,sal,-,chumvi,salt
sand,sand,zand,hiekka,sableuxse,sand,pasir,sabbia,sabure,arena,sand,areia,-,-,sand
school,skole,leerschool,koulu,école,schule,-,scuola,bunka,-,skole,escola,escuela,shule,skola
scream,skrige,gil,huutaa,jacasser,schreien,-,gridare,sakebigoe,boare,skrike,grito,clamar,-,skrika
sea,hav,zee,meri,mer,meer,-,navale,watatsumi,æquor,hav,mar,mar,bahari,hav
second,anden,tweede,sekunti,second,zweiten,-,secondo,niban,secundus,andre,em segundo,segundo,a pili,sekund
security,sikkerhed,pand,-,sûreté,sicherheit,keamanan,sicurezza,hoshou,salus,sikkerhet,segurança,seguridad,-,hypotek
see,træffe,ontmoeten,huolehtia,voyez,sehen,kunjungi,vedere,-,videre,se,ver,visitar,-,inse
send,sende,doen toekomen,lähettää,envoyons,abschicken,kirim,mando,sendo,mittere,sende,enviar,envie,-,skicka
sentence,sætning,frase,lause,condamner,empfindungsvermögen,kalimat,punizione,kei,condemnare,-,sentença,punicion,-,sats
separate,særskilt,afgezonderd,eri,particulier,scheiden,khusus,separato,katsu,abiungere,-,separado,arredrar,-,åtskild
september,september,september,syyskuu,septembre,september,september,settembre,kugatsu,-,september,setembro,septiembre,septemba,september
serious,vigtig,belangrijk,tärkeä,grave,ernst,penting,pesante,omoomoshii,-,-,sério,grave,kubwa,rejäl
serpent,slange,slang,-,serpent,schlange,-,serpente,hebi,anguis,orm,serpente,serpiente,nyoka,orm
servant,knægt,dienstmeisje,-,serviteur,diener,babu,domèstica,kerai,anculus,hushjelp,criada,criada,mtumishi,tjänare
seven,syv,zeven,seitsemän,sept,sieben,tujuh,sette,sebun,septem,sju,sete,siete,saba,sju
seventeen,sytten,zeventien,seitsemäntoista,dix-sept,siebzehn,-,diciassette,juunana,septendecim,sytten,dezessete,diecisiete,kumi na saba,sjuttonde
seventy,halvfjers,zeventig,seitsemänkymmentä,septante,siebzig,-,settanta,shichijuu,septuaginta,sytti,setenta,setenta,sabini,sjutio
sex,køn,sexe,sukupuoli,sexe,geschlecht,-,sesso,sei,sexus,kjønn,sexo,sexo,-,kön
shack,lade,schuur,mökki,hutte,hütte,-,capanna,karigoya,casa,hytte,cabana,choza,kibanda,-
shadow,skygge,schaduwen,varjo,ombre,schatten,-,ombrosità,kumori,umbra,skygge,sombra,sombra,-,skugga
share,aktie,actie,jakaa,partageons,anteil,bagian,partecipazione,shea,pars,del,dividir,ración,sehemu,lott
sharp,skarp,bijtend,terävä,acéré,schaftem,-,nitido,surudoi,acutus,-,afiado,aprisa,kali,skärva
sheep,får,schaap,pässi,gobeur,schafe,domba,pecora,muton,ovis,får,ovelha,oveja,kondoo,får
sheet,blad,blad,lehti,feuille,bettuch,-,lenzuolo,shikifu,folium,laken,folha,sábana,jani,lakan
shop,butik,winkel,myymälä,magasin,laden,toko,impresa,shouho,-,forretning,loja,tienda,duka,bod
shore,bred,kust,ranta,riverain,küste,-,sponda,rikujou,acta,-,margem,orilla,pwani,strand
short,kort,kort,-,court,kurz,pendek,breve,chikai,brevis,kort,curto,corto,fupi,kortvarig
shoulder,skulder,schouder,hartia,épaule,schulter,bahu,spalla,kata,-,skulder,ombro,hombro,-,axel
sign,underskrive,voorbode,merkki,signent,vorzeichen,tanda,affisso,aizu,-,skilt,sinal,signo,-,vink
silver,sølv,zilveren,hopea,argent,silber,-,argènteo,shippou,argentum,sølv,prata,plata,fedha,silver
since,til,sinds,koska,car,seit,-,da,irai,ab,fordi,desde,desde,kwa sababu,eftersom
sing,synge,zingen,laulaa,chanter,singen,nyanyi,cantare,saezuru,canere,synge,cante,cantar,-,sjunga
sister,søster,zuster,-,soeur,schwester,-,sorella,shisuta-,soror,søster,irmã,hermana,dada,syster
six,seks,zes,kuusi,zéro,sechs,enam,sei,muttsu,sex,seks,seis,seis,sita,sex
sixteen,sejsten,zestien,kuusitoista,seize,sechzehn,-,sedici,juuroku,sedecim,seksten,dazasseis,dieciséis,kumi na sita,sexton
sixth,sjette,zesde,kuudes,sixième,sechste,-,sesto,-,sextus,sjette,sexto,sexto,a sita,sjätte
sixty,tres,zestig,kuusikymmentä,soixante,sechzig,-,sessanta,-,sexaginta,seksti,sessenta,sesenta,sitini,sextio
skin,skind,dierevel,iho,peau,haut,kulit,epidèrmide,sukin,cutis,hud,pele,piel,-,skinn
sleep,søvn,slapen,-,pioncer,schlaf,-,dormire,nemuri,somnus,sove,dormir,dormitar,usingizi,sova
slender,slank,sprietig,-,fluet,schmächtig,tipis,esile,surenda-,-,tynn,delgado,esbelto,embamba,smärt
slow,langsom,langzaam,-,décélérent,langsam,lambat,fiacco,fukappatsu,tardus,langsom,lento,lento,-,sakta
small,lille,min,-,petit,gering,kecil,piccolo,komakai,-,liten,pequeno,parvulo,dogo,lilla
smell,lugte,stinken,haistaa,sentir,riechen,-,profumo,nioi,odor,lukte,cheiro,apestar,-,os
smoke,røg,smoken,savuta,fumons,rauch,asap,fumo,kemuri,-,røyk,fumo,fumar,moshi,ryka
smooth,flad,gelijk,sileä,plat,glätten,-,levigare,sumu-su,-,flat,liso,suave,laini,slät
snake,slange,slang,-,guivre,schlange,-,serpente,sune-ku,hydrus,orm,serpente,sierpe,nyoka,orm
snow,sne,sneeuwen,lumi,neigeux,schneien,-,nevicare,yuki,nix,sne,neve,nevar,-,snöa
so,altså,ergo,siis,tellement,so,begitu,orbene,dakara,itaque,-,tão,así,-,så
soap,sæbe,zeep,saippua,savon,seife,sabun,sapone,shabon,sapo,såpe,sabão,jabon,sabuni,tvål
soft,sød,zoet,makea,moelleux,weich,halus,placido,ubuge,lenis,bløt,macio,tierno,laini,mjuk
soldier,soldat,soldaat,-,soldat,soldat,-,soldato,senshi,miles,soldat,soldado,soldado,askari,soldat
sole,fodsål,enkel,yksin,seul,einzig,sendiri,solo,teitetsu,solus,tunge,planta,solo,-,sjötunga
some,lidt,een beetje,muutama,un peu,einige,agak,qualche,jakkan,aliquis,-,alguns,algunos,-,någon
son,søn,zoon,poika,fils,sohn,-,figlio,sochi,puer,sønn,filho,hijo,mwana,-
source,kilde,bron,kaivo,source,quell,mata-air,sorgente,dedoko,-,kilde,fonte,venera,-,ursprung
south,syd,zuidelijk,etelä,midi,süden,selatan,ostro,roppou,antarcticus,syd,sul,sur,kusini,söder
speedy,hurtig,spoedig,nopea,rapide,schnell,jepat,-,supi-di,-,hurtig,rápido,rápido,epesi,snabb
spoon,ske,pollepel,lusikka,cuiller,löffel,sendok,cucchiaio,saji,cochleare,skje,colher,cuchara,kijiko,sked
spring,springe,opborrelen,kevät,ressort,feder,melompat,piuma,shunkashuutou,ver,kilde,nascente,saltar,-,språng
square,plads,vierkant,neliö,carré,quadrat,-,quadrangolo,houkei,-,plass,adro,escuadra,mahali,torg
stand,stå,huisje,seisoa,kiosque,andauern,bangkit,stare,kadai,stare,stå,celeiro,posición,-,tåla
star,stjerne,ster,tähti,étoile,stern,-,stella,kyohaku,sidus,stjerne,estrela,estrella,-,stjärna
statue,-,beeld,patsas,statue,standbild,arca,statua,zou,statua,statue,estátua,estatua,-,staty
steal,stjæle,sluipen,varastaa,volons,stehlen,curi,sotrarre,tsu,clepsere,stjele,roube,hurtar,-,stjäla
steel,stål,staal,teräs,acier,stahl,-,acciao,hagane,adamas,stål,aço,acero,-,stål
stomach,mave,maag,-,estomac,magen,perut,ventricolo,ibukuro,stomachus,mave,estômago,estomago,tumbo,mage
stone,sten,klei-,kivi,pierre,stein,batu,sasso,ishi,-,stein,pedra,piedra,jiwe,sten
store,butik,winkel,myymälä,entreposez,aufbewahren,toko,immagazzinare,chikuseki,-,butikk,loja,almacenar,duka,varuhus
story,etage,etage,kerros,fabliau,geschichte,sejarah,farsa,iwaku,-,etasje,história,conseja,-,historia
strange,fremmed,buitenlands,vieras,étrange,fremd,asing,strano,henteko,advena,fremmed,estranho,raro,a kigeni,främmande
stream,strøm,loop,joki,courant,bach {m},-,corrente,kasui,-,å,córrego,arroyo,kijito,rinna
string,snor,koorde,jänne,corde,zeichenfolge,tampar,spago,suji,ceruchus,reip,corda,cordon,uzi,sträng
stroll,spadseretur,wandeling,olla kävelyllä,promenade,schlendern,-,passeggiare,sanpo,ambulare,spasere,dê uma volta,gandulear,-,ströva
strong,stærk,krachtig,voimakas,salement,kampfstark,kuat,poderoso,ganjou,valens,sterk,forte,fuerte,imara,stark
sugar,sukker,suiker,sokeri,sucre,zucker,gula,zucchero,shuga-,-,sukker,açúcar,azucar,sukari,socker
sum,beløb,somma,summa,somme,summe,jumlah,-,samu,summa,beløp,soma,importe,-,tal
summer,sommer,zomer,kesä,été,sommer,-,estate,kyuuka,æstas,sommer,verão,verano,-,sommar
sun,sol,zonneschijn,aurinko,soleil,son,matahari,sole,hi,stella,sol,sol,sol,jua,sol
sunday,søndag,zondag,sunnuntai,dimanche,sonntag,ahad,doménica,dontaku,-,søndag,domingo,domingo,jumapili,söndag
sweet,sød,zoet,makea,doux,süß,manis,caramella,amai,suavis,søt,doce,dulce,tamu,efterrätt
swift,hurtig,haastig,nopea,rapide,schnell,lekas,-,hayai,-,hurtig,rápido,rápido,epesi,kvick
swim,svømme,zwemmen,uida,nager,schwimmen,berenang,nuotare,-,natare,svømme,nadar,ba ar,-,simma
table,bord,tabel,taulukko,tableau,tabelle,-,elenco,teiburu,-,bord,tabela,meseta,meza,tavla
tail,hale,schaduwen,häntä,-,ende,-,coda,bibu,penis,hale,cauda,rabo,mkia,stjärt
take,modtage,accepteren,ottaa,admettre,nehmen,terima,acchiappare,teiku,capere,besette,aceitar,tardar,pokea,taga
take in,modtage,-,ottaa vastaan,agréer,hereinlegen,menerima,accogliere,hannyuu,accipere,godta,aceitar,aceptar,pokea,hysa
tall,høj,verheven,korkea,haut,groß,tinggi,grande,takai,altus,høy,alto,gran,-,storväxt
taste,smag,smaken,maku,déguster,kosten,-,costare,konomi,gustus,smak,gosto,gusto,-,smak
tax,skat,belasten,-,impot,abgabe {f},pajak,tassa,takkusu,vectigal,skatt,imposto,acensuar,-,skatt
tea,te,thee,tee,thé,tee,teh,tè,ti,-,te,chá,te,chai,te
tear,tåre,vaneenscheuren,repiä,déchirer,zerren,air-mata,crepatura,yabureme,lacrima,-,lágrima,rajar,-,slita
ten,ti,tien,kymmenen,dix,zehn,sepuluh,dieci,ten,decem,ti,dez,diez,kumi,tio
tender,sød,gunning,makea,doux,angebot,manis,dolce,yawaraka,dulcis,søt,encarregado,subasta,tamu,öm
test,forsøge,examen,koettaa,essayer,test,coba ... mencoba,prova,kousa,-,prøve,provar,carnet,-,prov
there,derhen,ginds,siellä,là,dort,-,là,asoko,ibi,der,acolá,allá,mle,dit
therefore,altså,ergo,siis,donc,deshalb,-,quindi,yotte,-,derfor,conseqüentemente,consiguientepor,kwa hiyo,därför
they,de,hen,he,on,sie [pl],-,essi,senpou,-,de,eles,ellas,wao,man
thick,tyk,dik,tiheä,dense,dicht,-,grosso,chuumitsu,-,tykk,gordo,grueso,nono,tjock
thigh,lår,bovenbeen,reisi,cuisse,schenkels,-,femorale,mata,bracchium,lår,coxa,muslo,-,lårben
thing,ting,ding,esine,truc,ding,benda,materia,kotogara,-,ting,objecto,objecto,kitu,ting
think,synes om,geloven,arvella,méditation,denken,fikir,pensare,-,cogitare,tenke,pense,razonar,-,tro
third,tredje,derde,kolmas,tierce,dritter,-,terza,sanban,tertius,tredje,terceiro,tercero,a tatu,tredje
thirteen,tretten,dertien,kolmastoista,treize,dreizehn,-,tredici,juusan,tredecim,tretten,treze,trece,kumi na -tatu,tretton
thirty,tredive,dertig,kolmekymmentä,trente,dreißig,-,trenta,sa-ti-,triginta,tredve,trinta,treinta,thelathini,trettio
thorn,torn,doorn,piikki,épine,dorns,duri,spina,toge,spina,-,espinho,espina,mwiba,tagg
thousand,tusinde,duizend,tuhat,-,tausend,-,mille,chi,mille,tusen,mil,mil,elfu,tusen
thread,tråd,draad,lanka,enfiler,faden,benang,filamento,asaito,acia,tråd,linha,hilo,-,tråd
three,tre,drie,kolme,trois,drei,tiga,tre,san,tres,tre,três,tres,tatu,tre
through,igennem,door,valmis,prêt,hindurch,siap,per mezzo di ciò,tsuujite,-,-,pronto,a través de ello,tayari,genom
throw,kaste,keilen,heittää,jetent,hebel umlegen,lempar ... melempar,tiro,suro-,-,kaste,lançar,tirada,-,slänga
thursday,torsdag,donderdag,torstai,jeudi,donnerstag,kamis,giovedí,mokuyoubi,-,torsdag,quinta-feira,jueves,alhamisi,torsdag
ticket,billet,biljet,lippu,billet,fahrschein,karcis,sorte,chiketto,-,billett,passagem,billete,-,biljett
tie,slips,stropdas,sitoa,cravate,verbinden,ikat,legamento,tai,-,slips,ligar,corbata,-,binda
timber,træ,hout,puu,-,balken,kayu,legno,mokuzai,lignum,ved,madeira,leño,mti,timmer
time,tid,maal,aika,fois,zeitlich,jam,tempo,jikoku,tempus,tid,tempo,vez,wakati,tidpunkt
tin,tin,blikken,pelti,fer-blanc,konservenbüchse,-,latta,suzu,stannum,blikk,estanho,estaño,-,bleckburk
to,til,tegen,varten,à,zu,-,a tavola,dzuki,ad,-,a,a,ili,att
tobacco,-,tabak,tupakka,tabac,tabak,tembakau,tabacco,tabako,-,tobakk,tabaco,tabaco,tumbako,tobak
today,i dag,heden,tänään,aujourd'hui,heute,-,oggi,honjitsu,hodie,i dag,hoje,hoy,leo,-
tongue,tunge,tong,kieli,langage,zunge,lidah,idioma,shita,lingua,språk,lingua,lengua,lugha,tunga
too,for,evenzeer,myös,trop,überdies,-,anche,nimo,-,også,tambén,demasiado,mno,tillika
tooth,tand,tand,hammas,dent,zahn,-,dente,ha,dens,tann,dente,diente,jino,tand
town,by,stad,kaupunki,urbain,stadt,-,città,toshi,oppidum,by,vila,ciudad,mji,stad
train,tog,gevolg,juna,escort,zug,kereta-api,ammaestrare,tore-n,-,tog,comboio,adiestrar,-,exercera
travel,rejse,gaan,matkustaa,voyagez,reisen,bepergian,andara,ryokou,-,kjøre,curso,viajar,-,resa
tree,træ,boom,puu,arbre,baum,pohon,albero,ki,arbor,tre,árvore,arbol,mti,träd
trip,rejse,tocht,matka,voyage,abstecher,perjalanan,escursione,ensoku,-,reise,desengate,excursion,mwendo,tur
trouble,problem,bezwaar,vaivata,génons,mühe,-,fastidio,yuuku,problema,vanskelighet,problema,prueba,-,oroa
trousers,bukser,pantalon,housut,pantalon,hose,celana,pantaloni,zubon,bracæ,benklær,calças,pantalón,-,långbyxor
true,ægte,juist,tosi,vrai,richtig,-,vero,shinsei,verus,sann,verdadeiro,verdadero,-,trogen
trunk,stamme,boomstam,matkalaukku,torse,amt {n},-,tronco,toranku,proboscis,kuffert,tronco,maleta,-,snabel
truth,sandhed,waarheid,totuus,verité,wahrheit,-,verità,shin,veritas,sannhet,verdade,veras,-,sanning
try,forsøge,streven,koettaa,peiner,prüfen,coba ... mencoba,esperimentare,torai,-,forsøke,provar,intentar,-,försöka
tuesday,tirsdag,dinsdag,tiistai,mardi,dienstag,selasa,martedì,kayoubi,-,tirsdag,terça-feira,martes,jumanne,tisdag
turn,vending,anders maken,kääntää,dévier,drehen,baris,fila,magarime,vertere,kantre,fila,girar,-,svarva
twelve,tolv,twaalf,kaksitoista,douze,zwölf,-,dodici,juuni,duodecim,tolv,doze,doce,kumi na mbili,-
twenty,tyve,twintig,kaksikymmentä,vingt,zwanzig,-,venti,nijuu,viginti,tyve,vinte,veinte,ishirini,tjugo
two,to,twee,kaksi,deux,zwei,dua,due,ni,duo,to,duas,dos,mbili,två
umbrella,paraply,paraplu,-,parapluie,rekenschirm,payung,parapioggia,koumorigasa,-,paraply,guarda-chuva,paraguas,mwavuli,paraply
uncle,onkel,oom,setä,oncle,onkel,-,zio,hakufu,patruus,onkel,tio,tio,baba mdogo,morbror
under,under,beneden,alla,là dessous,unter,-,là sotto,shita,sub,under,sob,so,chini ya,under
upstairs,oven,boven,ylhäällä,dessus,nach oben,-,in alto,nikai,-,oppe,acima,arriba,juu,uppe
us,os,aan ons,me,nous,uns,kami,noi,touhou,-,-,nós,nosotras,sisi,oss
use,tilbringe,aanwending,käyttää,employer,benutzung,menggunakan,uso,tsukairyou,usio,-,usar,uso,-,trafikera
valley,dal,vallei,laakso,vallée,tal,lembah,valle,ya,vallis,dal,vale,val,-,dalgång
valuable,kær,kostbaar,kallis,cher,wertvoll,mahal,pregiato,tattoi,carus,kostbar,caro,caro,ghali,värdefull
vegetable,grønsager,groente,vihannes,légume,gemüse,-,pianta,bejitaburu,olus,grønsak,legume,verduras,mboga,vegetabilisk
very,meget,erg,sangen,très,sehr,-,-,meppou,admodum,meget,muito,muy,mno,ganska
vessel,skib,pot,astia,navire,gefäß,-,recipiente,utsuwa,abies,-,embarcação,buque,chombo,fartyg
view,syn,uitzicht,katsella,gré,betrachtung {f},-,parere,shoken,spectare,utsikt,vista,concepto,-,syn
village,landsby,plaats,kylä,village,dorf,kampung,villaggio,sato,-,bygd,aldeia,aldea,kijiji,by
visit,besøge,bezoeken,käydä vieraissa,visitons,besuch,mengunjungi,ispezionare,raiyuu,-,visitt,visita,rese ar,-,hälsa på
void,tom,loos,tyhjä,vide,ungültig,leher,vuotaggine,garandou,vacuus,tom,vácuo,caducado,tupu,tom
voyage,rejse,reis,matka,voyage,seereise,perjalanan,-,tokou,-,reise,viagem,viaje,mwendo,resa (på sjön)
wage,gage,gage,palkka,appointements,lohn,gaji,stipendio,kyuu,æs,-,salário,salario,mshahara,-
wages,gage,gage,palkka,salaire,lohn,gaji,stipendio,rouchin,æs,-,salários,salario,mshahara,lön
waiter,tjener,kelner,tarjoilija,garçon,kellner,pelayan restoran,cameriere,uxe-ta-,-,kelner,criado,camarero,-,kypare
walk,gå,marcheren,marssia,promenade,gehen,-,camminare,hokou,ambulare,spasertur,caminhada,paseo,-,gå
wall,mur,muur,seinä,paroi,mauer,dinding,parete,hei,paries,vegg,parede,pared,ukuta,mur
war,krig,oorlog,sota,guerre,krieg,-,guerra,kousen,bellum,krig,guerra,guerra,-,krig
watch,ur,horloge,kello,horloge,aufpassen,arloji-tangan,orologio,tokei,-,armbåndsur,relógio,prestar atencion,saa,valla
water,vand,water,vesi,arrosez,wasser,air,diluviare,mizu,aqua,vann,água,acuatico,maji,vatten
waterfall,vandfald,waterval,-,cascade,wasserfall,air-terjun,cascata,bakufu,cataracta,foss,cascata,cascada,-,vattenfall
way,vej,gebruik,tie,chemin,weg {m},kebiasaan,cammino,houto,via,bruk,estrada,manera,njia,sträcka
wealthy,rig,rijk,rikas,riche,reich,-,ricco,yutaka,-,rik,rico,adinerado,tajiri,förmögen
wear,bære,voeren,kantaa,porter,abnutzen,angkat ... mengangkat,abbigliare,mamou,vehere,bære,desgaste,sostener,-,nötning
wednesday,onsdag,woensdag,keskiviikko,mercredi,mittwoch,rabu,mercoledì,suiyoubi,-,onsdag,quarta-feira,miercoles,jumatano,onsdag
week,uge,week,viikko,suante,woche,-,settimana,uxi-ku,-,uke,semana,semana,wiki,vecka
well,sund,goed,no,puits,gut,sehat,bene,yoshi,sanus,frisk,bem,bien,vema,gott
west,vest,westen,länsi,couchant,westen,barat,ovest,nishi,-,vest,oeste,oeste,magharibi,väster
whale,hval,walvis,valas,baleine,wal,-,balena,kujira,balæna,hval,baleia,ballena,-,val
what,hvad,hetgeen,mikä,hein,was,apa,che,nan,-,-,que,cuales,nini,vilken
wheel,hjul,wiel,pyörä,roue,rad,roda,ruota,hoi-ru,rota,hjul,roda,rueda,-,ratt
when,når,wanneer,milloin,quand,sobald,-,laddove,itsu,quando,-,quando,cuando,lini,när
white,hvid,blanco,valkea,blanc,weiß,-,bianco,howaido,canus,hvit,branco,blanco,eupe,vit
wind,vind,op een klos winden,tuuli,emmailloter,blasen,angin,avvoltare,kaze,ventus,vind,vento,viento,upepo,nysta
wine,vin,wijn,viini,vin,wein,-,vino,wain,vinum,vin,vinho,vino,-,vin
wing,vinge,vleugel,-,piano à queue,tragfläche,sayap,-,hane,pinna,vinge,asa,accla,ubawa,vinge
winter,vinter,winter,talvi,hiver,winter,-,verno,fuyu,hiems,vinter,inverno,invierno,-,vinter
with,med,met,luona,avec,mit,-,con,motte,cum,med,com,con,-,hos
without,udder,gespeend van,ilman,dénué de,ohne,tanpa,senza,naradeha,-,-,sem,sin,pasipo,utan
woman,kvinde,vrouw,-,madame,frau,wanita,donna,fujoshi,mulier,kvinne,mulher,-,mwanamke,kvinna
wood,træ,hout,puu,-,wald,kayu,legno,mokuzai,lignum,ved,madeira,leño,mti,skog
word,ord,woord,sana,mot,vokabel,-,formulare,go,verbum,ord,palavra,palabra,neno,ord
work,arbejde,functioneren,toimia,ouvrer,arbeiten,kerja,lavorare,kinmu,laborare,arbeid,trabalhar,laborar,kazi,job
world,verden,aardrijk,maailma,mondiale,welt,dunia,mondo,seken,mundus,verden,mundo,mundo,ulimwengu,värd
yard,gård,yard,piha,coudée,yard,-,ulna,ya-ru,-,gårdsplass,jarda,corral,ua,gård
year,år,jaar,vuosi,année,jahr,-,anno,nendo,annus,år,ano,año,mwaka,årtal
yellow,gul,geel,keltainen,jaune,gelb,kuning,giallo,koushoku,-,gul,amarelo,amarillo,-,gul
yes,ja,ja,kyllä,si,ja,-,sì,hai,sic,ja,sim,conforma,ndiyo,ja
yesterday,i går,gisteren,eilen,hier,gestern,-,ieri,kinou,-,i går,ontem,ayer,jana,i går
yet,endnu,nog,jo,néanmoins,dennoch,masih,però,katsu,iam,dog,embora,todavía,lakini,än
you,de,jou,sinä,te,ihnen,-,a te,temae,tibi,man,tu,les,ninyi,ni
young,ung,beginnend,nuori,jeune,jung,muda,novellino,toshiwakai,-,ung,jovem,joven,mwana,ung
zero,nol,nul,nolla,zero,nullpunkt,nol,nullità,reido,-,null,zero,cero,-,noll